Country,Year,ND-GAIN Index,ND-GAIN Index: Adaptive Capacity,ND-GAIN Index: Economic Readiness,ND-GAIN Index: Ecosystem Services Vulnerability,ND-GAIN Index: Exposure Vulnerability,ND-GAIN Index: Food Vulnerability,ND-GAIN Index: Governance Readiness,ND-GAIN Index: Health Vulnerability,ND-GAIN Index: Human Habitat Vulnerability,ND-GAIN Index: Infrastructure Vulnerability,ND-GAIN Index: Readiness Index,ND-GAIN Index: Sensitivity,ND-GAIN Index: Social Readiness,ND-GAIN Index: Vulnerability Index,ND-GAIN Index: Water Vulnerability,Events,Fatalities
Algeria,2010,45.28,0.54,0.26,0.41,0.33,0.48,0.32,0.5,0.42,0.14,0.28,0.26,0.26,0.38,0.3,107.0,246
Algeria,2011,44.89,0.53,0.25,0.41,0.33,0.49,0.31,0.5,0.42,0.14,0.27,0.27,0.26,0.38,0.3,158.0,306
Algeria,2012,44.96,0.53,0.25,0.41,0.33,0.48,0.31,0.5,0.42,0.14,0.27,0.27,0.27,0.38,0.3,125.0,245
Algeria,2013,45.68,0.53,0.26,0.41,0.33,0.48,0.33,0.5,0.42,0.14,0.29,0.27,0.27,0.37,0.31,138.0,341
Algeria,2014,45.6,0.52,0.26,0.41,0.33,0.48,0.31,0.49,0.41,0.14,0.29,0.27,0.28,0.37,0.31,126.0,227
Algeria,2015,45.86,0.52,0.27,0.41,0.33,0.47,0.31,0.49,0.41,0.14,0.29,0.28,0.29,0.37,0.32,78.0,154
Algeria,2016,46.35,0.52,0.29,0.42,0.33,0.47,0.31,0.48,0.41,0.14,0.3,0.28,0.3,0.37,0.32,67.0,129
Algeria,2017,47.41,0.52,0.33,0.42,0.33,0.47,0.32,0.48,0.42,0.13,0.32,0.28,0.32,0.38,0.33,114.0,145
Algeria,2018,47.42,0.52,0.32,0.42,0.33,0.47,0.32,0.48,0.43,0.13,0.32,0.28,0.32,0.38,0.33,60.0,66
Algeria,2019,47.48,0.52,0.33,0.42,0.33,0.46,0.31,0.48,0.43,0.13,0.33,0.28,0.33,0.38,0.33,12.0,22
Algeria,2020,47.61,0.52,0.32,0.42,0.33,0.46,0.32,0.48,0.43,0.13,0.33,0.28,0.34,0.38,0.34,35.0,33
Algeria,2021,47.85,0.52,0.32,0.42,0.33,0.46,0.33,0.48,0.43,0.13,0.33,0.28,0.35,0.38,0.34,19.0,25
Angola,2010,34.28,0.76,0.1,0.54,0.54,0.6,0.3,0.56,0.69,0.31,0.19,0.26,0.17,0.5,0.33,8.0,15
Angola,2011,34.22,0.75,0.1,0.54,0.54,0.6,0.29,0.56,0.68,0.31,0.19,0.27,0.17,0.5,0.33,8.0,4
Angola,2012,35.01,0.74,0.12,0.54,0.54,0.6,0.3,0.56,0.66,0.31,0.2,0.27,0.18,0.5,0.33,5.0,6
Angola,2013,35.35,0.74,0.15,0.55,0.54,0.59,0.29,0.57,0.67,0.3,0.21,0.27,0.18,0.5,0.33,10.0,6
Angola,2014,35.5,0.75,0.15,0.55,0.54,0.59,0.31,0.58,0.68,0.31,0.22,0.28,0.19,0.51,0.33,3.0,0
Angola,2015,35.55,0.73,0.14,0.55,0.54,0.57,0.31,0.58,0.68,0.3,0.21,0.27,0.19,0.5,0.33,5.0,23
Angola,2016,36.83,0.73,0.22,0.54,0.54,0.57,0.31,0.6,0.68,0.3,0.24,0.28,0.19,0.5,0.33,31.0,115
Angola,2017,36.84,0.74,0.24,0.54,0.54,0.58,0.3,0.6,0.69,0.3,0.24,0.29,0.19,0.51,0.33,54.0,67
Angola,2018,37.23,0.74,0.24,0.54,0.54,0.59,0.33,0.61,0.69,0.29,0.26,0.29,0.19,0.51,0.33,26.0,41
Angola,2019,37.4,0.74,0.24,0.54,0.54,0.58,0.34,0.61,0.7,0.29,0.26,0.29,0.2,0.51,0.33,19.0,23
Angola,2020,37.54,0.74,0.25,0.54,0.54,0.59,0.34,0.62,0.7,0.29,0.26,0.3,0.2,0.51,0.33,65.0,74
Angola,2021,37.91,0.74,0.25,0.54,0.54,0.58,0.35,0.62,0.7,0.29,0.27,0.29,0.2,0.51,0.33,64.0,150
Bangladesh,2010,44.78,0.72,0.82,0.49,0.52,0.64,0.3,0.71,0.55,0.41,0.45,0.44,0.25,0.56,0.56,1542.0,612
Bangladesh,2011,45.04,0.71,0.82,0.49,0.52,0.64,0.3,0.7,0.55,0.4,0.46,0.44,0.26,0.56,0.56,1378.0,573
Bangladesh,2012,45.21,0.72,0.82,0.49,0.52,0.63,0.3,0.71,0.55,0.39,0.46,0.43,0.26,0.56,0.56,1066.0,470
Bangladesh,2013,45.11,0.72,0.83,0.49,0.52,0.65,0.29,0.7,0.56,0.4,0.46,0.43,0.26,0.56,0.56,1219.0,810
Bangladesh,2014,35.13,0.71,0.18,0.48,0.52,0.62,0.33,0.7,0.56,0.4,0.25,0.43,0.26,0.55,0.56,797.0,390
Bangladesh,2015,35.35,0.69,0.17,0.48,0.52,0.61,0.32,0.69,0.55,0.38,0.25,0.43,0.26,0.54,0.56,961.0,502
Bangladesh,2016,36.46,0.68,0.21,0.49,0.52,0.59,0.33,0.68,0.54,0.38,0.27,0.42,0.28,0.54,0.56,512.0,418
Bangladesh,2017,36.74,0.66,0.2,0.49,0.52,0.58,0.33,0.67,0.54,0.36,0.27,0.42,0.28,0.53,0.56,269.0,226
Bangladesh,2018,37.11,0.65,0.2,0.49,0.52,0.57,0.33,0.67,0.54,0.36,0.27,0.42,0.28,0.53,0.56,705.0,268
Bangladesh,2019,37.07,0.66,0.2,0.49,0.52,0.58,0.33,0.67,0.54,0.36,0.27,0.42,0.29,0.53,0.56,713.0,391
Bangladesh,2020,37.4,0.65,0.21,0.49,0.52,0.57,0.33,0.66,0.54,0.36,0.28,0.42,0.3,0.53,0.56,480.0,279
Bangladesh,2021,37.5,0.65,0.21,0.49,0.52,0.57,0.33,0.66,0.54,0.36,0.28,0.42,0.3,0.53,0.56,810.0,356
Benin,2010,35.43,0.77,0.13,0.52,0.45,0.66,0.42,0.7,0.63,0.43,0.27,0.54,0.27,0.56,0.45,1.0,0
Benin,2011,35.88,0.77,0.13,0.52,0.45,0.64,0.43,0.71,0.63,0.42,0.28,0.53,0.27,0.56,0.45,3.0,0
Benin,2012,35.65,0.76,0.13,0.52,0.45,0.65,0.42,0.72,0.63,0.41,0.28,0.53,0.27,0.56,0.45,1.0,0
Benin,2013,36.28,0.77,0.16,0.52,0.45,0.66,0.42,0.7,0.63,0.41,0.29,0.53,0.28,0.56,0.45,1.0,0
Benin,2014,36.15,0.77,0.18,0.52,0.45,0.67,0.41,0.72,0.64,0.41,0.29,0.54,0.28,0.57,0.45,1.0,0
Benin,2015,36.91,0.78,0.22,0.52,0.45,0.65,0.41,0.72,0.64,0.43,0.3,0.54,0.28,0.57,0.45,3.0,3
Benin,2016,37.32,0.77,0.24,0.52,0.45,0.68,0.41,0.69,0.64,0.42,0.31,0.54,0.28,0.56,0.45,9.0,22
Benin,2017,38.08,0.77,0.27,0.52,0.45,0.69,0.42,0.66,0.63,0.42,0.32,0.53,0.28,0.56,0.45,9.0,15
Benin,2018,38.25,0.77,0.29,0.52,0.45,0.67,0.42,0.72,0.63,0.42,0.33,0.55,0.28,0.57,0.45,25.0,31
Benin,2019,38.45,0.76,0.29,0.52,0.45,0.65,0.41,0.69,0.63,0.41,0.33,0.52,0.28,0.56,0.45,21.0,37
Benin,2020,39.22,0.76,0.29,0.52,0.45,0.63,0.42,0.66,0.63,0.41,0.33,0.5,0.28,0.55,0.45,119.0,64
Benin,2021,39.3,0.76,0.29,0.52,0.45,0.64,0.43,0.66,0.63,0.41,0.34,0.51,0.29,0.55,0.45,104.0,93
Botswana,2010,47.17,0.67,0.36,0.35,0.36,0.52,0.66,0.51,0.57,0.38,0.39,0.35,0.16,0.45,0.36,1.0,0
Botswana,2011,47.41,0.66,0.35,0.35,0.36,0.5,0.66,0.51,0.55,0.38,0.39,0.35,0.16,0.44,0.35,1.0,0
Botswana,2012,48.12,0.64,0.36,0.35,0.36,0.5,0.67,0.51,0.54,0.37,0.4,0.34,0.17,0.44,0.35,0.0,0
Botswana,2013,48.18,0.65,0.36,0.35,0.36,0.5,0.66,0.54,0.55,0.36,0.4,0.35,0.19,0.44,0.35,1.0,0
Botswana,2014,49.45,0.65,0.43,0.34,0.36,0.49,0.66,0.53,0.56,0.34,0.42,0.33,0.19,0.44,0.35,1.0,0
Botswana,2015,49.49,0.64,0.42,0.34,0.36,0.49,0.65,0.52,0.55,0.33,0.42,0.33,0.19,0.43,0.35,1.0,0
Botswana,2016,50.58,0.63,0.47,0.34,0.36,0.5,0.65,0.5,0.54,0.33,0.44,0.33,0.19,0.43,0.35,2.0,1
Botswana,2017,50.08,0.62,0.46,0.34,0.36,0.5,0.64,0.52,0.54,0.32,0.43,0.34,0.19,0.43,0.35,2.0,0
Botswana,2018,50.36,0.62,0.45,0.34,0.36,0.5,0.64,0.5,0.54,0.31,0.43,0.33,0.2,0.42,0.35,3.0,2
Botswana,2019,50.45,0.62,0.46,0.34,0.36,0.5,0.64,0.51,0.54,0.31,0.44,0.34,0.2,0.43,0.35,1.0,0
Botswana,2020,50.69,0.61,0.46,0.34,0.36,0.5,0.63,0.48,0.54,0.31,0.43,0.33,0.22,0.42,0.35,12.0,7
Botswana,2021,50.84,0.61,0.46,0.34,0.36,0.49,0.64,0.48,0.54,0.31,0.44,0.32,0.21,0.42,0.35,6.0,1
Burkina Faso,2010,35.18,0.79,0.21,0.43,0.53,0.72,0.46,0.72,0.61,,0.29,0.39,0.19,0.58,0.42,0.0,1
Burkina Faso,2011,35.34,0.76,0.21,0.43,0.53,0.68,0.43,0.72,0.6,,0.28,0.39,0.19,0.57,0.42,13.0,10
Burkina Faso,2012,35.5,0.75,0.21,0.43,0.53,0.68,0.42,0.71,0.59,,0.28,0.38,0.2,0.57,0.43,13.0,32
Burkina Faso,2013,35.47,0.74,0.21,0.43,0.53,0.66,0.4,0.7,0.59,,0.27,0.38,0.2,0.56,0.43,8.0,8
Burkina Faso,2014,35.97,0.74,0.22,0.43,0.53,0.66,0.4,0.67,0.59,,0.27,0.36,0.2,0.56,0.43,22.0,36
Burkina Faso,2015,36.07,0.74,0.22,0.43,0.53,0.67,0.41,0.67,0.59,,0.28,0.36,0.2,0.56,0.43,22.0,23
Burkina Faso,2016,37.52,0.73,0.28,0.43,0.53,0.65,0.41,0.65,0.58,,0.3,0.36,0.2,0.55,0.43,41.0,81
Burkina Faso,2017,37.95,0.73,0.28,0.43,0.53,0.66,0.41,0.61,0.58,,0.3,0.33,0.2,0.54,0.43,97.0,117
Burkina Faso,2018,38.11,0.74,0.28,0.43,0.53,0.65,0.41,0.58,0.59,,0.3,0.32,0.2,0.54,0.43,233.0,303
Burkina Faso,2019,37.79,0.73,0.27,0.43,0.53,0.65,0.39,0.58,0.59,,0.29,0.32,0.21,0.53,0.43,634.0,2220
Burkina Faso,2020,37.5,0.73,0.26,0.43,0.53,0.64,0.39,0.59,0.59,,0.29,0.33,0.21,0.54,0.43,666.0,2299
Burkina Faso,2021,37.6,0.73,0.26,0.43,0.53,0.64,0.38,0.59,0.59,,0.29,0.32,0.22,0.54,0.43,1339.0,2360
Burundi,2010,31.95,0.79,0.14,0.57,0.52,0.67,0.25,0.79,0.63,,0.21,0.46,0.23,0.57,0.17,95.0,153
Burundi,2011,31.46,0.79,0.13,0.57,0.52,0.7,0.25,0.78,0.64,,0.2,0.47,0.23,0.57,0.17,25.0,112
Burundi,2012,31.22,0.79,0.13,0.57,0.52,0.72,0.24,0.78,0.65,,0.2,0.48,0.23,0.58,0.17,13.0,31
Burundi,2013,33.25,0.78,0.19,0.57,0.52,0.67,0.26,0.77,0.64,,0.23,0.46,0.23,0.56,0.17,10.0,18
Burundi,2014,36.78,0.77,0.27,0.56,0.52,0.67,0.31,0.66,0.62,,0.27,0.41,0.23,0.54,0.17,55.0,73
Burundi,2015,36.15,0.77,0.28,0.56,0.52,0.66,0.25,0.64,0.63,,0.26,0.4,0.24,0.53,0.17,970.0,1109
Burundi,2016,35.25,0.78,0.33,0.56,0.52,0.67,0.23,0.76,0.65,,0.27,0.46,0.24,0.56,0.17,875.0,452
Burundi,2017,35.28,0.78,0.34,0.56,0.52,0.68,0.23,0.75,0.65,,0.27,0.46,0.24,0.56,0.17,703.0,285
Burundi,2018,35.28,0.77,0.33,0.56,0.52,0.67,0.23,0.75,0.65,,0.27,0.45,0.24,0.56,0.17,810.0,327
Burundi,2019,35.34,0.77,0.33,0.56,0.52,0.67,0.23,0.74,0.65,,0.26,0.45,0.24,0.56,0.17,663.0,305
Burundi,2020,35.23,0.78,0.32,0.56,0.52,0.67,0.23,0.74,0.65,,0.26,0.45,0.24,0.56,0.17,545.0,330
Burundi,2021,35.49,0.78,0.32,0.56,0.52,0.67,0.24,0.74,0.65,,0.27,0.44,0.25,0.56,0.17,562.0,305
Cambodia,2010,37.76,0.8,0.25,0.45,0.39,0.61,0.33,0.56,0.53,0.41,0.27,0.38,0.25,0.52,0.56,45.0,18
Cambodia,2011,38.52,0.77,0.24,0.45,0.39,0.61,0.34,0.53,0.53,0.37,0.28,0.37,0.26,0.51,0.55,56.0,35
Cambodia,2012,38.75,0.77,0.24,0.45,0.39,0.6,0.37,0.58,0.52,0.36,0.29,0.39,0.26,0.51,0.55,31.0,14
Cambodia,2013,38.59,0.76,0.21,0.45,0.39,0.6,0.37,0.57,0.52,0.35,0.28,0.39,0.26,0.51,0.55,39.0,9
Cambodia,2014,38.73,0.75,0.23,0.45,0.39,0.6,0.37,0.6,0.51,0.36,0.29,0.4,0.26,0.51,0.55,40.0,13
Cambodia,2015,38.82,0.75,0.22,0.45,0.39,0.6,0.37,0.58,0.51,0.35,0.28,0.39,0.27,0.51,0.55,7.0,6
Cambodia,2016,39.4,0.74,0.24,0.45,0.39,0.6,0.36,0.56,0.52,0.35,0.29,0.39,0.27,0.5,0.55,12.0,3
Cambodia,2017,40.01,0.73,0.23,0.45,0.39,0.6,0.35,0.49,0.52,0.31,0.29,0.36,0.27,0.49,0.55,11.0,2
Cambodia,2018,39.95,0.74,0.23,0.45,0.39,0.6,0.35,0.47,0.53,0.33,0.29,0.35,0.28,0.49,0.55,8.0,13
Cambodia,2019,39.96,0.73,0.23,0.45,0.39,0.6,0.35,0.47,0.53,0.33,0.29,0.35,0.29,0.49,0.55,18.0,5
Cambodia,2020,39.82,0.73,0.22,0.45,0.39,0.6,0.34,0.47,0.53,0.33,0.28,0.36,0.29,0.49,0.55,24.0,4
Cambodia,2021,40.12,0.73,0.22,0.45,0.39,0.59,0.35,0.47,0.53,0.33,0.29,0.35,0.29,0.49,0.55,10.0,2
Cameroon,2010,38.55,0.73,0.14,0.44,0.46,0.59,0.32,0.59,0.67,0.2,0.24,0.31,0.27,0.47,0.33,10.0,6
Cameroon,2011,38.64,0.72,0.16,0.44,0.46,0.6,0.31,0.62,0.67,0.2,0.25,0.33,0.27,0.48,0.33,11.0,17
Cameroon,2012,39.18,0.71,0.17,0.44,0.46,0.58,0.31,0.58,0.67,0.2,0.25,0.31,0.28,0.47,0.34,4.0,5
Cameroon,2013,39.31,0.72,0.17,0.44,0.46,0.59,0.31,0.57,0.68,0.19,0.25,0.31,0.29,0.47,0.34,25.0,32
Cameroon,2014,39.35,0.72,0.17,0.43,0.46,0.57,0.3,0.59,0.69,0.19,0.26,0.31,0.3,0.47,0.34,104.0,1366
Cameroon,2015,39.37,0.71,0.16,0.43,0.46,0.58,0.3,0.59,0.68,0.19,0.25,0.31,0.3,0.47,0.34,104.0,1439
Cameroon,2016,39.91,0.7,0.2,0.43,0.46,0.58,0.3,0.58,0.67,0.19,0.26,0.31,0.29,0.47,0.34,237.0,721
Cameroon,2017,39.88,0.7,0.19,0.43,0.46,0.58,0.29,0.58,0.67,0.18,0.26,0.31,0.3,0.46,0.34,341.0,739
Cameroon,2018,39.73,0.69,0.19,0.43,0.46,0.57,0.28,0.61,0.66,0.18,0.26,0.32,0.3,0.47,0.34,682.0,1664
Cameroon,2019,39.78,0.69,0.2,0.43,0.46,0.57,0.27,0.6,0.66,0.18,0.26,0.32,0.31,0.46,0.34,718.0,1302
Cameroon,2020,39.98,0.69,0.19,0.43,0.46,0.57,0.28,0.59,0.66,0.18,0.26,0.31,0.32,0.46,0.34,1172.0,1761
Cameroon,2021,40.02,0.69,0.19,0.43,0.46,0.57,0.28,0.59,0.66,0.18,0.26,0.31,0.32,0.46,0.34,1171.0,1566
Central African Republic,2010,27.76,0.82,0.01,0.5,0.5,0.63,0.24,0.76,0.67,,0.14,0.44,0.16,0.58,0.34,156.0,412
Central African Republic,2011,27.37,0.82,0.0,0.51,0.5,0.64,0.25,0.79,0.67,,0.14,0.46,0.16,0.59,0.34,54.0,204
Central African Republic,2012,27.96,0.82,0.03,0.5,0.5,0.64,0.24,0.77,0.67,,0.14,0.45,0.16,0.58,0.34,105.0,262
Central African Republic,2013,26.78,0.82,0.02,0.5,0.5,0.65,0.2,0.79,0.67,,0.13,0.47,0.17,0.59,0.34,403.0,2558
Central African Republic,2014,26.48,0.81,0.01,0.5,0.5,0.62,0.17,0.79,0.68,,0.11,0.46,0.16,0.59,0.34,867.0,3618
Central African Republic,2015,26.94,0.82,0.0,0.5,0.5,0.59,0.19,0.79,0.69,,0.12,0.44,0.17,0.58,0.34,251.0,525
Central African Republic,2016,27.97,0.82,0.07,0.5,0.5,0.59,0.19,0.79,0.69,,0.14,0.44,0.17,0.58,0.34,227.0,739
Central African Republic,2017,27.63,0.82,0.07,0.5,0.5,0.6,0.19,0.79,0.7,,0.14,0.45,0.17,0.59,0.34,357.0,1832
Central African Republic,2018,27.52,0.83,0.06,0.5,0.5,0.6,0.19,0.79,0.71,,0.14,0.45,0.17,0.59,0.34,469.0,1171
Central African Republic,2019,27.73,0.82,0.06,0.5,0.5,0.58,0.19,0.79,0.71,,0.14,0.44,0.17,0.58,0.34,192.0,596
Central African Republic,2020,27.45,0.82,0.05,0.5,0.5,0.58,0.17,0.79,0.71,,0.13,0.44,0.17,0.58,0.34,372.0,449
Central African Republic,2021,27.66,0.82,0.05,0.5,0.5,0.58,0.19,0.79,0.71,,0.14,0.44,0.17,0.58,0.34,669.0,1714
Chad,2010,25.66,0.92,0.05,0.59,0.54,0.76,0.23,0.72,0.65,,0.16,0.48,0.2,0.65,0.52,8.0,109
Chad,2011,25.42,0.91,0.04,0.59,0.54,0.76,0.24,0.76,0.65,,0.16,0.5,0.2,0.65,0.52,6.0,17
Chad,2012,25.88,0.91,0.05,0.59,0.54,0.75,0.26,0.75,0.65,,0.17,0.49,0.2,0.65,0.52,7.0,3
Chad,2013,26.12,0.91,0.04,0.59,0.54,0.75,0.26,0.73,0.65,,0.17,0.48,0.21,0.65,0.52,2.0,5
Chad,2014,25.98,0.9,0.04,0.59,0.54,0.74,0.24,0.75,0.64,,0.17,0.49,0.21,0.65,0.52,10.0,50
Chad,2015,25.9,0.9,0.04,0.59,0.54,0.74,0.26,0.78,0.64,,0.17,0.51,0.21,0.65,0.52,31.0,429
Chad,2016,26.21,0.9,0.11,0.59,0.54,0.74,0.23,0.81,0.65,,0.18,0.53,0.21,0.66,0.52,13.0,45
Chad,2017,26.49,0.89,0.11,0.59,0.54,0.74,0.24,0.8,0.64,,0.19,0.52,0.21,0.66,0.52,22.0,296
Chad,2018,26.56,0.89,0.1,0.59,0.54,0.74,0.24,0.79,0.64,,0.18,0.52,0.21,0.65,0.52,56.0,259
Chad,2019,26.64,0.89,0.1,0.59,0.54,0.74,0.25,0.8,0.64,,0.19,0.52,0.22,0.66,0.52,132.0,567
Chad,2020,27.04,0.87,0.11,0.59,0.54,0.71,0.25,0.81,0.64,,0.19,0.53,0.22,0.65,0.52,118.0,727
Chad,2021,26.95,0.87,0.11,0.59,0.54,0.71,0.24,0.81,0.64,,0.19,0.53,0.23,0.65,0.52,136.0,831
Djibouti,2010,40.91,0.72,0.31,0.55,0.41,0.52,0.42,0.74,0.65,0.42,0.3,0.38,0.18,0.48,0.01,8.0,3
Djibouti,2011,40.33,0.74,0.29,0.55,0.41,0.53,0.42,0.75,0.66,0.42,0.29,0.39,0.18,0.49,0.01,2.0,3
Djibouti,2012,39.86,0.75,0.29,0.55,0.41,0.53,0.42,0.8,0.68,0.43,0.3,0.41,0.18,0.5,0.01,2.0,1
Djibouti,2013,40.54,0.71,0.29,0.56,0.41,0.47,0.4,0.76,0.67,0.42,0.29,0.4,0.19,0.48,0.01,4.0,6
Djibouti,2014,40.94,0.69,0.35,0.56,0.41,0.47,0.36,0.78,0.65,0.42,0.3,0.41,0.19,0.48,0.01,17.0,11
Djibouti,2015,41.09,0.68,0.37,0.54,0.41,0.46,0.36,0.83,0.65,0.42,0.31,0.44,0.19,0.49,0.01,6.0,27
Djibouti,2016,40.64,0.67,0.35,0.54,0.41,0.46,0.35,0.85,0.64,0.42,0.3,0.45,0.2,0.49,0.01,5.0,0
Djibouti,2017,41.78,0.66,0.38,0.54,0.41,0.45,0.35,0.84,0.63,0.42,0.32,0.44,0.22,0.48,0.01,3.0,0
Djibouti,2018,42.67,0.65,0.38,0.54,0.41,0.45,0.37,0.8,0.61,0.41,0.32,0.42,0.22,0.47,0.01,0.0,0
Djibouti,2019,42.93,0.64,0.41,0.54,0.41,0.44,0.35,0.79,0.61,0.41,0.33,0.41,0.22,0.47,0.01,9.0,4
Djibouti,2020,42.75,0.64,0.41,0.54,0.41,0.44,0.35,0.81,0.61,0.41,0.33,0.42,0.22,0.47,0.01,6.0,0
Djibouti,2021,42.58,0.64,0.41,0.54,0.41,0.44,0.33,0.81,0.61,0.41,0.32,0.42,0.23,0.47,0.01,12.0,5
Equatorial Guinea,2010,41.62,,0.31,0.43,0.44,0.6,0.32,0.55,0.61,0.18,0.25,0.26,0.13,0.42,0.14,1.0,7
Equatorial Guinea,2011,41.49,,0.29,0.43,0.44,0.59,0.31,0.55,0.61,0.18,0.25,0.26,0.14,0.42,0.14,0.0,0
Equatorial Guinea,2012,41.57,,0.29,0.43,0.44,0.59,0.31,0.54,0.62,0.18,0.25,0.26,0.14,0.42,0.14,1.0,1
Equatorial Guinea,2013,41.8,,0.3,0.43,0.44,0.59,0.3,0.52,0.62,0.18,0.25,0.25,0.14,0.41,0.14,0.0,0
Equatorial Guinea,2014,41.62,,0.32,0.42,0.44,0.59,0.26,0.51,0.62,0.18,0.24,0.24,0.15,0.41,0.14,1.0,0
Equatorial Guinea,2015,41.36,,0.31,0.42,0.44,0.59,0.27,0.52,0.63,0.18,0.24,0.25,0.15,0.41,0.14,1.0,0
Equatorial Guinea,2016,41.5,,0.33,0.43,0.44,0.59,0.26,0.52,0.65,0.18,0.25,0.25,0.15,0.42,0.14,3.0,0
Equatorial Guinea,2017,41.07,,0.3,0.43,0.44,0.59,0.26,0.53,0.64,0.18,0.24,0.25,0.15,0.42,0.14,6.0,5
Equatorial Guinea,2018,41.42,,0.3,0.43,0.44,0.58,0.26,0.53,0.64,0.18,0.24,0.25,0.17,0.42,0.14,6.0,4
Equatorial Guinea,2019,41.7,,0.3,0.43,0.44,0.58,0.26,0.52,0.64,0.18,0.25,0.25,0.18,0.41,0.14,2.0,1
Equatorial Guinea,2020,41.69,,0.29,0.43,0.44,0.58,0.26,0.52,0.64,0.18,0.25,0.25,0.19,0.41,0.14,3.0,0
Equatorial Guinea,2021,41.63,,0.29,0.42,0.44,0.58,0.26,0.52,0.64,0.18,0.25,0.25,0.19,0.41,0.14,1.0,1
Eritrea,2010,29.36,0.86,0.25,0.58,0.46,0.78,0.26,0.76,0.66,0.47,0.21,0.57,0.11,0.62,0.47,3.0,70
Eritrea,2011,29.45,0.86,0.25,0.58,0.46,0.78,0.26,0.76,0.65,0.46,0.21,0.56,0.11,0.62,0.47,4.0,9
Eritrea,2012,29.49,0.85,0.24,0.57,0.46,0.78,0.25,0.75,0.64,0.46,0.2,0.56,0.11,0.61,0.47,4.0,0
Eritrea,2013,29.31,0.85,0.25,0.58,0.46,0.77,0.24,0.76,0.65,0.45,0.2,0.56,0.11,0.61,0.47,4.0,118
Eritrea,2014,29.62,0.85,0.26,0.57,0.46,0.77,0.24,0.76,0.65,0.45,0.2,0.56,0.12,0.61,0.47,1.0,10
Eritrea,2015,29.32,0.84,0.26,0.57,0.46,0.77,0.21,0.76,0.65,0.44,0.2,0.56,0.12,0.61,0.47,5.0,3
Eritrea,2016,30.73,0.83,0.31,0.57,0.46,0.77,0.21,0.71,0.64,0.44,0.21,0.54,0.12,0.6,0.47,6.0,37
Eritrea,2017,30.37,0.83,0.31,0.57,0.46,0.77,0.22,0.76,0.64,0.44,0.22,0.56,0.12,0.61,0.47,1.0,1
Eritrea,2018,30.39,0.83,0.31,0.57,0.46,0.77,0.21,0.76,0.65,0.45,0.22,0.56,0.13,0.61,0.47,2.0,1
Eritrea,2019,30.4,0.83,0.3,0.57,0.46,0.77,0.2,0.76,0.65,0.44,0.22,0.56,0.14,0.61,0.47,0.0,0
Eritrea,2020,30.67,0.83,0.3,0.57,0.46,0.76,0.21,0.76,0.65,0.44,0.22,0.56,0.15,0.61,0.47,6.0,1
Eritrea,2021,30.77,0.83,0.3,0.56,0.46,0.76,0.2,0.76,0.64,0.44,0.22,0.55,0.16,0.61,0.47,2.0,0
Ethiopia,2010,36.02,0.8,0.33,0.5,0.51,0.64,0.31,0.85,0.62,0.27,0.28,0.4,0.21,0.56,0.52,176.0,1588
Ethiopia,2011,36.16,0.8,0.33,0.5,0.51,0.64,0.31,0.85,0.6,0.28,0.29,0.4,0.21,0.56,0.52,78.0,655
Ethiopia,2012,36.23,0.78,0.31,0.5,0.51,0.63,0.31,0.84,0.59,0.27,0.28,0.4,0.22,0.56,0.51,119.0,885
Ethiopia,2013,36.51,0.78,0.3,0.5,0.51,0.63,0.32,0.81,0.59,0.27,0.28,0.38,0.22,0.55,0.51,111.0,582
Ethiopia,2014,36.89,0.78,0.3,0.49,0.51,0.62,0.34,0.81,0.59,0.27,0.29,0.38,0.22,0.55,0.51,59.0,335
Ethiopia,2015,37.19,0.78,0.29,0.49,0.51,0.62,0.34,0.78,0.59,0.27,0.29,0.36,0.23,0.54,0.51,191.0,811
Ethiopia,2016,38.05,0.77,0.34,0.49,0.51,0.63,0.33,0.79,0.59,0.24,0.3,0.37,0.24,0.54,0.51,551.0,2515
Ethiopia,2017,37.57,0.76,0.33,0.49,0.51,0.62,0.33,0.83,0.59,0.24,0.3,0.39,0.23,0.55,0.51,309.0,1355
Ethiopia,2018,38.42,0.76,0.36,0.49,0.51,0.62,0.35,0.82,0.59,0.24,0.31,0.39,0.23,0.55,0.51,483.0,1579
Ethiopia,2019,38.63,0.75,0.35,0.49,0.51,0.61,0.36,0.82,0.59,0.24,0.31,0.39,0.23,0.54,0.51,133.0,670
Ethiopia,2020,38.02,0.74,0.34,0.49,0.51,0.62,0.34,0.82,0.59,0.23,0.3,0.4,0.23,0.54,0.51,622.0,4373
Ethiopia,2021,37.49,0.74,0.34,0.49,0.51,0.65,0.31,0.82,0.59,0.23,0.3,0.41,0.24,0.55,0.51,1566.0,9222
Gabon,2010,43.0,0.65,0.2,0.36,0.46,0.49,0.42,0.47,0.74,0.22,0.3,0.28,0.27,0.44,0.34,0.0,0
Gabon,2011,42.99,0.65,0.19,0.36,0.46,0.49,0.42,0.47,0.75,0.23,0.3,0.28,0.28,0.44,0.34,1.0,0
Gabon,2012,43.26,0.65,0.19,0.36,0.46,0.49,0.43,0.46,0.75,0.22,0.3,0.28,0.29,0.44,0.34,2.0,0
Gabon,2013,43.13,0.66,0.18,0.36,0.46,0.49,0.42,0.46,0.75,0.23,0.3,0.27,0.29,0.44,0.34,2.0,0
Gabon,2014,43.59,0.65,0.21,0.36,0.46,0.48,0.41,0.46,0.74,0.23,0.31,0.27,0.3,0.44,0.34,1.0,2
Gabon,2015,43.33,0.65,0.2,0.36,0.46,0.48,0.4,0.46,0.74,0.22,0.3,0.27,0.31,0.44,0.34,3.0,0
Gabon,2016,43.33,0.66,0.21,0.36,0.46,0.48,0.39,0.48,0.75,0.22,0.31,0.27,0.31,0.44,0.34,5.0,7
Gabon,2017,43.19,0.65,0.2,0.36,0.46,0.47,0.38,0.47,0.75,0.23,0.3,0.27,0.32,0.44,0.34,3.0,0
Gabon,2018,43.1,0.65,0.2,0.36,0.46,0.48,0.37,0.47,0.75,0.22,0.3,0.27,0.33,0.44,0.34,4.0,0
Gabon,2019,43.0,0.65,0.19,0.36,0.46,0.48,0.37,0.47,0.75,0.22,0.3,0.27,0.34,0.44,0.34,4.0,6
Gabon,2020,42.54,0.66,0.19,0.36,0.46,0.48,0.37,0.55,0.75,0.22,0.3,0.3,0.34,0.45,0.34,5.0,4
Gabon,2021,42.61,0.66,0.19,0.36,0.46,0.48,0.38,0.55,0.75,0.22,0.3,0.3,0.34,0.45,0.34,8.0,4
Ghana,2010,43.22,0.62,0.35,0.48,0.44,0.58,0.51,0.57,0.64,0.31,0.35,0.39,0.18,0.48,0.32,8.0,6
Ghana,2011,44.17,0.61,0.36,0.48,0.44,0.57,0.51,0.56,0.65,0.23,0.35,0.35,0.19,0.47,0.32,5.0,5
Ghana,2012,44.02,0.62,0.36,0.48,0.44,0.56,0.51,0.55,0.66,0.24,0.35,0.34,0.19,0.47,0.32,27.0,20
Ghana,2013,44.38,0.6,0.37,0.48,0.44,0.57,0.51,0.6,0.65,0.21,0.36,0.37,0.19,0.47,0.32,32.0,23
Ghana,2014,44.1,0.58,0.35,0.48,0.44,0.57,0.49,0.59,0.64,0.19,0.35,0.37,0.2,0.46,0.31,21.0,14
Ghana,2015,43.9,0.58,0.35,0.48,0.44,0.56,0.49,0.64,0.64,0.2,0.35,0.38,0.2,0.47,0.31,40.0,32
Ghana,2016,44.35,0.58,0.36,0.48,0.44,0.56,0.48,0.56,0.64,0.2,0.35,0.35,0.2,0.46,0.31,39.0,42
Ghana,2017,44.59,0.58,0.35,0.48,0.44,0.58,0.49,0.56,0.65,0.19,0.35,0.35,0.21,0.46,0.31,41.0,89
Ghana,2018,44.79,0.57,0.35,0.48,0.44,0.58,0.49,0.53,0.65,0.19,0.35,0.35,0.21,0.46,0.3,54.0,25
Ghana,2019,44.88,0.57,0.34,0.48,0.44,0.57,0.5,0.54,0.65,0.19,0.35,0.34,0.22,0.45,0.3,80.0,47
Ghana,2020,44.91,0.57,0.32,0.48,0.44,0.57,0.5,0.52,0.65,0.18,0.35,0.34,0.23,0.45,0.3,182.0,76
Ghana,2021,44.86,0.57,0.32,0.48,0.44,0.57,0.49,0.52,0.65,0.18,0.35,0.34,0.24,0.45,0.3,102.0,52
Guinea,2010,35.06,0.79,0.19,0.48,0.44,0.65,0.23,0.57,0.64,,0.23,0.37,0.28,0.53,0.32,18.0,32
Guinea,2011,34.95,0.79,0.18,0.48,0.44,0.65,0.26,0.62,0.63,,0.24,0.4,0.29,0.54,0.32,5.0,6
Guinea,2012,35.5,0.79,0.18,0.48,0.44,0.66,0.27,0.59,0.63,,0.25,0.39,0.3,0.54,0.32,18.0,19
Guinea,2013,36.15,0.78,0.22,0.48,0.44,0.66,0.27,0.6,0.63,,0.26,0.39,0.3,0.54,0.32,36.0,131
Guinea,2014,37.16,0.78,0.25,0.48,0.44,0.67,0.28,0.57,0.64,,0.28,0.38,0.3,0.54,0.32,18.0,13
Guinea,2015,37.7,0.78,0.26,0.48,0.44,0.66,0.33,0.61,0.64,,0.3,0.4,0.3,0.54,0.32,29.0,34
Guinea,2016,37.96,0.78,0.29,0.48,0.44,0.67,0.33,0.64,0.64,,0.31,0.42,0.31,0.55,0.32,20.0,4
Guinea,2017,38.96,0.79,0.3,0.48,0.44,0.67,0.31,0.51,0.65,,0.31,0.36,0.31,0.53,0.32,15.0,47
Guinea,2018,38.69,0.78,0.3,0.48,0.44,0.67,0.31,0.52,0.66,,0.3,0.36,0.31,0.53,0.32,43.0,40
Guinea,2019,39.04,0.79,0.31,0.48,0.44,0.67,0.32,0.52,0.66,,0.31,0.36,0.31,0.53,0.32,42.0,45
Guinea,2020,38.21,0.78,0.31,0.48,0.44,0.67,0.31,0.6,0.66,,0.31,0.4,0.31,0.55,0.32,147.0,146
Guinea,2021,38.1,0.78,0.31,0.48,0.44,0.67,0.3,0.6,0.66,,0.31,0.4,0.32,0.55,0.32,72.0,28
Guinea-Bissau,2010,29.6,0.86,0.17,0.62,0.5,0.69,0.28,0.84,0.61,0.64,0.24,0.57,0.27,0.65,0.49,2.0,0
Guinea-Bissau,2011,29.87,0.84,0.17,0.62,0.5,0.69,0.28,0.84,0.59,0.63,0.24,0.57,0.27,0.64,0.49,1.0,1
Guinea-Bissau,2012,30.34,0.82,0.21,0.62,0.5,0.69,0.25,0.84,0.56,0.62,0.24,0.57,0.27,0.64,0.49,7.0,9
Guinea-Bissau,2013,30.44,0.83,0.21,0.62,0.5,0.69,0.24,0.81,0.57,0.62,0.24,0.55,0.27,0.63,0.49,3.0,3
Guinea-Bissau,2014,30.96,0.83,0.24,0.61,0.5,0.69,0.26,0.83,0.58,0.62,0.26,0.56,0.27,0.64,0.49,3.0,22
Guinea-Bissau,2015,31.32,0.83,0.23,0.61,0.5,0.69,0.27,0.8,0.59,0.61,0.26,0.55,0.28,0.63,0.49,1.0,1
Guinea-Bissau,2016,31.52,0.83,0.25,0.61,0.5,0.69,0.26,0.81,0.6,0.61,0.27,0.56,0.28,0.63,0.49,0.0,0
Guinea-Bissau,2017,31.99,0.83,0.26,0.61,0.5,0.69,0.26,0.77,0.6,0.6,0.27,0.54,0.28,0.63,0.49,4.0,0
Guinea-Bissau,2018,31.8,0.83,0.25,0.61,0.5,0.7,0.26,0.8,0.6,0.59,0.27,0.55,0.29,0.63,0.49,0.0,0
Guinea-Bissau,2019,32.01,0.83,0.25,0.61,0.5,0.7,0.27,0.79,0.6,0.59,0.27,0.54,0.29,0.63,0.49,1.0,1
Guinea-Bissau,2020,32.04,0.83,0.24,0.61,0.5,0.7,0.26,0.78,0.6,0.58,0.27,0.54,0.3,0.63,0.49,7.0,8
Guinea-Bissau,2021,32.47,0.83,0.24,0.61,0.5,0.7,0.28,0.78,0.6,0.58,0.28,0.54,0.3,0.63,0.49,6.0,0
Kenya,2010,36.2,0.68,0.26,0.48,0.51,0.61,0.35,0.78,0.58,0.25,0.26,0.42,0.17,0.53,0.5,99.0,219
Kenya,2011,35.57,0.71,0.24,0.47,0.51,0.61,0.34,0.76,0.6,0.28,0.25,0.41,0.17,0.54,0.5,104.0,208
Kenya,2012,35.46,0.7,0.22,0.47,0.51,0.6,0.33,0.74,0.6,0.28,0.24,0.4,0.17,0.53,0.5,247.0,514
Kenya,2013,36.06,0.69,0.23,0.47,0.51,0.59,0.34,0.73,0.59,0.27,0.25,0.39,0.18,0.53,0.5,375.0,767
Kenya,2014,36.81,0.69,0.24,0.47,0.51,0.59,0.36,0.71,0.58,0.28,0.26,0.39,0.18,0.52,0.51,248.0,610
Kenya,2015,37.0,0.67,0.24,0.47,0.51,0.59,0.35,0.7,0.57,0.27,0.26,0.38,0.18,0.52,0.51,145.0,503
Kenya,2016,38.29,0.65,0.28,0.47,0.51,0.59,0.35,0.68,0.55,0.25,0.27,0.38,0.19,0.51,0.51,137.0,227
Kenya,2017,38.46,0.66,0.31,0.47,0.51,0.6,0.37,0.72,0.56,0.25,0.29,0.4,0.19,0.52,0.51,476.0,742
Kenya,2018,38.76,0.66,0.32,0.47,0.51,0.59,0.37,0.72,0.57,0.24,0.29,0.39,0.19,0.52,0.51,373.0,460
Kenya,2019,39.25,0.65,0.33,0.47,0.51,0.59,0.37,0.7,0.57,0.22,0.3,0.38,0.19,0.51,0.52,252.0,330
Kenya,2020,39.27,0.65,0.34,0.47,0.51,0.6,0.36,0.69,0.57,0.22,0.3,0.38,0.19,0.51,0.52,311.0,351
Kenya,2021,39.59,0.65,0.34,0.47,0.51,0.59,0.37,0.69,0.57,0.22,0.3,0.38,0.2,0.51,0.52,381.0,483
Lesotho,2010,39.94,0.76,0.23,0.44,0.36,0.52,0.49,0.65,0.53,,0.28,0.31,0.13,0.49,0.3,1.0,1
Lesotho,2011,39.72,0.75,0.23,0.44,0.36,0.52,0.48,0.68,0.52,,0.29,0.33,0.14,0.49,0.29,0.0,0
Lesotho,2012,39.7,0.75,0.23,0.44,0.36,0.51,0.48,0.69,0.52,,0.28,0.33,0.14,0.49,0.29,15.0,8
Lesotho,2013,41.12,0.74,0.28,0.44,0.36,0.5,0.5,0.68,0.52,,0.31,0.33,0.15,0.49,0.29,0.0,0
Lesotho,2014,41.63,0.73,0.33,0.43,0.36,0.51,0.47,0.67,0.51,,0.32,0.33,0.15,0.48,0.29,3.0,1
Lesotho,2015,41.68,0.73,0.32,0.43,0.36,0.5,0.46,0.64,0.52,,0.31,0.31,0.15,0.48,0.29,5.0,4
Lesotho,2016,42.12,0.72,0.35,0.43,0.36,0.51,0.46,0.64,0.53,,0.32,0.32,0.16,0.48,0.29,5.0,4
Lesotho,2017,42.17,0.72,0.34,0.43,0.36,0.5,0.46,0.65,0.53,,0.32,0.32,0.16,0.48,0.28,2.0,4
Lesotho,2018,42.08,0.7,0.34,0.43,0.36,0.49,0.44,0.63,0.53,,0.31,0.32,0.16,0.47,0.28,0.0,0
Lesotho,2019,41.61,0.7,0.33,0.43,0.36,0.51,0.43,0.62,0.53,,0.31,0.32,0.16,0.47,0.28,5.0,5
Lesotho,2020,41.72,0.7,0.34,0.43,0.36,0.52,0.43,0.61,0.53,,0.31,0.33,0.16,0.48,0.28,11.0,6
Lesotho,2021,41.78,0.7,0.34,0.43,0.36,0.5,0.42,0.61,0.53,,0.31,0.31,0.16,0.47,0.28,13.0,9
Liberia,2010,32.61,0.81,0.18,0.56,0.49,0.64,0.35,0.77,0.69,,0.26,0.55,0.26,0.61,0.4,6.0,12
Liberia,2011,32.67,0.81,0.18,0.56,0.49,0.65,0.34,0.77,0.68,,0.26,0.55,0.27,0.61,0.4,17.0,14
Liberia,2012,33.23,0.8,0.19,0.55,0.49,0.65,0.35,0.77,0.67,,0.27,0.55,0.27,0.61,0.4,3.0,0
Liberia,2013,33.73,0.8,0.22,0.56,0.49,0.65,0.35,0.77,0.66,,0.28,0.55,0.27,0.61,0.4,13.0,3
Liberia,2014,34.29,0.8,0.25,0.55,0.49,0.65,0.35,0.76,0.66,,0.29,0.55,0.27,0.61,0.4,35.0,26
Liberia,2015,34.04,0.8,0.24,0.55,0.49,0.64,0.34,0.76,0.67,,0.29,0.54,0.28,0.61,0.4,13.0,4
Liberia,2016,34.18,0.8,0.24,0.55,0.49,0.64,0.35,0.76,0.69,,0.29,0.54,0.28,0.61,0.4,24.0,8
Liberia,2017,34.27,0.79,0.24,0.55,0.49,0.64,0.35,0.76,0.69,,0.29,0.54,0.28,0.61,0.4,22.0,7
Liberia,2018,34.21,0.79,0.24,0.55,0.49,0.63,0.35,0.75,0.69,,0.29,0.54,0.28,0.6,0.4,12.0,3
Liberia,2019,33.99,0.78,0.21,0.55,0.49,0.63,0.34,0.72,0.69,,0.28,0.53,0.28,0.6,0.4,23.0,11
Liberia,2020,33.74,0.78,0.21,0.55,0.49,0.63,0.34,0.75,0.69,,0.28,0.54,0.28,0.6,0.4,47.0,2
Liberia,2021,34.09,0.78,0.21,0.55,0.49,0.63,0.35,0.75,0.69,,0.28,0.53,0.29,0.6,0.4,15.0,7
Libya,2010,51.97,0.64,0.78,0.56,0.29,0.42,0.32,0.47,0.45,0.16,0.45,0.35,0.24,0.41,0.4,4.0,0
Libya,2011,50.64,0.64,0.78,0.56,0.29,0.42,0.25,0.47,0.47,0.16,0.43,0.36,0.24,0.41,0.4,612.0,5532
Libya,2012,50.06,0.65,0.79,0.56,0.29,0.44,0.23,0.47,0.48,0.17,0.42,0.37,0.24,0.42,0.4,172.0,552
Libya,2013,43.82,0.65,0.46,0.57,0.29,0.45,0.19,0.47,0.47,0.17,0.3,0.37,0.24,0.42,0.4,366.0,443
Libya,2014,43.44,0.65,0.49,0.57,0.29,0.47,0.14,0.47,0.46,0.18,0.29,0.38,0.25,0.42,0.4,1332.0,3349
Libya,2015,43.01,0.66,0.48,0.56,0.29,0.48,0.13,0.47,0.46,0.18,0.29,0.38,0.25,0.43,0.4,1151.0,3081
Libya,2016,42.86,0.66,0.49,0.56,0.29,0.49,0.12,0.47,0.47,0.18,0.29,0.39,0.25,0.43,0.4,1011.0,3328
Libya,2017,42.91,0.66,0.48,0.56,0.29,0.49,0.12,0.47,0.46,0.19,0.29,0.38,0.25,0.43,0.4,802.0,1708
Libya,2018,42.83,0.66,0.47,0.56,0.29,0.47,0.12,0.47,0.46,0.2,0.28,0.37,0.25,0.43,0.4,599.0,1226
Libya,2019,42.73,0.66,0.47,0.56,0.29,0.46,0.1,0.47,0.46,0.19,0.28,0.36,0.25,0.42,0.4,1252.0,2294
Libya,2020,42.63,0.66,0.47,0.56,0.29,0.46,0.11,0.47,0.45,0.19,0.27,0.36,0.25,0.42,0.4,1162.0,1563
Libya,2021,42.98,0.66,0.47,0.55,0.29,0.46,0.13,0.47,0.45,0.19,0.28,0.36,0.25,0.42,0.4,106.0,115
Madagascar,2010,34.54,0.8,0.21,0.61,0.5,0.65,0.36,0.74,0.54,0.34,0.25,0.41,0.19,0.56,0.5,9.0,3
Madagascar,2011,34.05,0.79,0.21,0.61,0.5,0.65,0.37,0.81,0.55,0.34,0.26,0.44,0.19,0.57,0.5,2.0,0
Madagascar,2012,34.75,0.79,0.22,0.61,0.5,0.64,0.37,0.76,0.55,0.33,0.26,0.42,0.19,0.56,0.49,45.0,233
Madagascar,2013,34.48,0.79,0.23,0.61,0.5,0.63,0.35,0.76,0.56,0.34,0.26,0.42,0.19,0.57,0.49,51.0,180
Madagascar,2014,34.75,0.78,0.24,0.61,0.5,0.63,0.36,0.79,0.56,0.32,0.26,0.43,0.19,0.57,0.49,72.0,465
Madagascar,2015,34.67,0.78,0.23,0.61,0.5,0.62,0.36,0.8,0.56,0.32,0.26,0.44,0.19,0.57,0.49,55.0,192
Madagascar,2016,34.82,0.78,0.24,0.61,0.5,0.62,0.36,0.79,0.56,0.32,0.26,0.43,0.19,0.57,0.49,56.0,177
Madagascar,2017,34.93,0.78,0.24,0.61,0.5,0.63,0.35,0.77,0.56,0.32,0.26,0.43,0.19,0.56,0.49,141.0,210
Madagascar,2018,35.16,0.76,0.26,0.61,0.5,0.62,0.34,0.8,0.56,0.29,0.26,0.44,0.19,0.56,0.49,78.0,142
Madagascar,2019,35.02,0.77,0.25,0.61,0.5,0.62,0.34,0.79,0.56,0.31,0.26,0.44,0.2,0.56,0.49,251.0,351
Madagascar,2020,35.35,0.77,0.25,0.61,0.5,0.63,0.34,0.75,0.56,0.29,0.26,0.42,0.2,0.56,0.49,235.0,358
Madagascar,2021,35.32,0.77,0.25,0.61,0.5,0.64,0.34,0.75,0.56,0.29,0.26,0.42,0.21,0.56,0.49,216.0,303
Malawi,2010,36.11,0.73,0.24,0.52,0.49,0.65,0.44,0.8,0.5,,0.28,0.44,0.16,0.56,0.32,2.0,0
Malawi,2011,36.31,0.72,0.25,0.52,0.49,0.64,0.43,0.8,0.49,,0.28,0.43,0.16,0.55,0.32,16.0,20
Malawi,2012,36.43,0.72,0.24,0.52,0.49,0.62,0.43,0.79,0.49,,0.28,0.42,0.16,0.55,0.32,4.0,0
Malawi,2013,36.07,0.71,0.23,0.52,0.49,0.63,0.42,0.79,0.48,,0.27,0.43,0.16,0.55,0.32,7.0,2
Malawi,2014,35.81,0.7,0.21,0.52,0.49,0.63,0.41,0.79,0.47,,0.26,0.43,0.16,0.54,0.32,16.0,11
Malawi,2015,35.74,0.7,0.21,0.52,0.49,0.63,0.4,0.78,0.48,,0.26,0.43,0.16,0.55,0.32,20.0,12
Malawi,2016,36.51,0.71,0.28,0.51,0.49,0.65,0.39,0.78,0.49,,0.28,0.43,0.16,0.55,0.32,23.0,23
Malawi,2017,36.63,0.71,0.27,0.51,0.49,0.62,0.4,0.78,0.5,,0.28,0.42,0.17,0.55,0.32,28.0,19
Malawi,2018,36.53,0.7,0.27,0.51,0.49,0.61,0.39,0.77,0.5,,0.27,0.41,0.17,0.54,0.32,29.0,16
Malawi,2019,36.89,0.71,0.27,0.51,0.49,0.6,0.39,0.77,0.5,,0.28,0.41,0.17,0.54,0.32,29.0,27
Malawi,2020,37.3,0.71,0.27,0.51,0.49,0.62,0.42,0.77,0.5,,0.29,0.42,0.18,0.54,0.32,113.0,59
Malawi,2021,37.62,0.71,0.27,0.51,0.49,0.61,0.43,0.77,0.5,,0.29,0.41,0.18,0.54,0.32,101.0,44
Mali,2010,35.03,0.79,0.21,0.52,0.53,0.64,0.41,0.8,0.59,,0.31,0.46,0.29,0.6,0.46,14.0,47
Mali,2011,34.85,0.79,0.23,0.52,0.53,0.66,0.39,0.8,0.59,,0.31,0.46,0.3,0.61,0.46,19.0,57
Mali,2012,33.54,0.79,0.22,0.52,0.53,0.67,0.31,0.8,0.59,,0.28,0.46,0.3,0.61,0.47,172.0,528
Mali,2013,33.69,0.79,0.23,0.52,0.53,0.67,0.32,0.79,0.59,,0.28,0.46,0.3,0.61,0.47,236.0,908
Mali,2014,34.01,0.79,0.24,0.52,0.53,0.68,0.32,0.79,0.59,,0.29,0.46,0.3,0.61,0.47,116.0,381
Mali,2015,34.06,0.79,0.24,0.52,0.53,0.68,0.32,0.78,0.59,,0.29,0.46,0.3,0.61,0.47,155.0,434
Mali,2016,35.09,0.77,0.29,0.52,0.53,0.66,0.33,0.78,0.59,,0.31,0.46,0.3,0.6,0.47,144.0,320
Mali,2017,35.11,0.77,0.29,0.52,0.53,0.66,0.32,0.77,0.59,,0.3,0.46,0.31,0.6,0.47,415.0,946
Mali,2018,35.18,0.75,0.29,0.52,0.53,0.64,0.3,0.77,0.59,,0.3,0.45,0.31,0.6,0.47,585.0,1739
Mali,2019,34.96,0.76,0.28,0.52,0.53,0.64,0.3,0.76,0.59,,0.3,0.45,0.31,0.6,0.47,600.0,1873
Mali,2020,34.84,0.75,0.26,0.52,0.53,0.62,0.29,0.76,0.59,,0.29,0.44,0.32,0.59,0.47,1005.0,2852
Mali,2021,34.61,0.75,0.26,0.51,0.53,0.64,0.28,0.76,0.59,,0.29,0.44,0.32,0.6,0.47,1024.0,1909
Mauritania,2010,35.77,0.75,0.27,0.49,0.36,0.62,0.33,0.64,0.52,0.55,0.28,0.6,0.25,0.57,0.59,5.0,26
Mauritania,2011,35.88,0.75,0.27,0.49,0.36,0.62,0.33,0.63,0.52,0.55,0.28,0.59,0.25,0.56,0.59,8.0,18
Mauritania,2012,36.7,0.74,0.3,0.49,0.36,0.6,0.33,0.63,0.52,0.54,0.29,0.59,0.25,0.56,0.59,7.0,3
Mauritania,2013,36.73,0.74,0.31,0.49,0.36,0.6,0.33,0.65,0.52,0.54,0.3,0.59,0.25,0.56,0.59,9.0,0
Mauritania,2014,37.4,0.74,0.34,0.48,0.36,0.61,0.34,0.66,0.52,0.54,0.31,0.6,0.26,0.56,0.59,5.0,1
Mauritania,2015,37.39,0.76,0.35,0.48,0.36,0.62,0.33,0.64,0.54,0.53,0.31,0.59,0.26,0.57,0.59,6.0,1
Mauritania,2016,39.29,0.76,0.42,0.48,0.36,0.62,0.35,0.59,0.56,0.53,0.35,0.58,0.27,0.56,0.59,4.0,0
Mauritania,2017,39.54,0.75,0.43,0.48,0.36,0.6,0.36,0.63,0.54,0.53,0.35,0.59,0.27,0.56,0.59,7.0,2
Mauritania,2018,40.03,0.73,0.45,0.48,0.36,0.6,0.35,0.64,0.53,0.52,0.36,0.6,0.28,0.56,0.59,4.0,3
Mauritania,2019,40.03,0.73,0.44,0.48,0.36,0.59,0.36,0.66,0.53,0.52,0.36,0.6,0.28,0.56,0.59,4.0,3
Mauritania,2020,40.23,0.7,0.43,0.48,0.36,0.59,0.35,0.63,0.53,0.51,0.36,0.61,0.29,0.55,0.59,12.0,4
Mauritania,2021,39.97,0.72,0.43,0.48,0.36,0.6,0.34,0.63,0.53,0.51,0.36,0.6,0.3,0.56,0.59,5.0,1
Morocco,2010,49.26,0.51,0.4,0.38,0.34,0.45,0.46,0.52,0.36,0.34,0.37,0.3,0.25,0.39,0.26,7.0,30
Morocco,2011,48.76,0.51,0.39,0.38,0.34,0.44,0.44,0.52,0.36,0.35,0.36,0.3,0.25,0.38,0.25,28.0,33
Morocco,2012,49.24,0.51,0.41,0.38,0.34,0.44,0.43,0.52,0.35,0.36,0.37,0.31,0.26,0.38,0.25,15.0,1
Morocco,2013,49.74,0.5,0.42,0.38,0.34,0.43,0.44,0.51,0.36,0.35,0.38,0.3,0.27,0.38,0.25,51.0,5
Morocco,2014,51.13,0.51,0.48,0.38,0.34,0.44,0.46,0.51,0.37,0.36,0.41,0.31,0.28,0.38,0.25,70.0,4
Morocco,2015,51.54,0.5,0.49,0.37,0.34,0.43,0.46,0.51,0.38,0.34,0.41,0.3,0.28,0.38,0.24,42.0,4
Morocco,2016,51.4,0.51,0.48,0.37,0.34,0.45,0.46,0.5,0.39,0.34,0.41,0.3,0.29,0.38,0.24,22.0,6
Morocco,2017,51.6,0.5,0.48,0.37,0.34,0.43,0.46,0.5,0.39,0.34,0.41,0.3,0.29,0.38,0.24,26.0,4
Morocco,2018,51.7,0.5,0.49,0.37,0.34,0.43,0.45,0.5,0.39,0.34,0.41,0.3,0.3,0.38,0.24,20.0,7
Morocco,2019,52.06,0.5,0.49,0.37,0.34,0.43,0.45,0.5,0.39,0.33,0.42,0.29,0.31,0.38,0.24,23.0,6
Morocco,2020,52.46,0.5,0.51,0.37,0.34,0.44,0.45,0.51,0.39,0.33,0.43,0.3,0.32,0.38,0.23,31.0,4
Morocco,2021,52.46,0.5,0.51,0.37,0.34,0.44,0.44,0.51,0.39,0.33,0.43,0.3,0.33,0.38,0.23,55.0,47
Mozambique,2010,38.93,0.68,0.23,0.52,0.43,0.61,0.45,0.62,0.58,0.36,0.28,0.42,0.16,0.5,0.32,16.0,26
Mozambique,2011,39.11,0.67,0.24,0.52,0.43,0.62,0.44,0.61,0.58,0.33,0.28,0.42,0.16,0.5,0.33,8.0,4
Mozambique,2012,38.63,0.67,0.21,0.52,0.43,0.61,0.43,0.61,0.57,0.33,0.27,0.42,0.17,0.5,0.33,20.0,13
Mozambique,2013,38.2,0.67,0.21,0.52,0.43,0.6,0.4,0.61,0.57,0.33,0.26,0.41,0.17,0.49,0.34,69.0,144
Mozambique,2014,39.08,0.66,0.26,0.52,0.43,0.61,0.39,0.6,0.57,0.32,0.27,0.42,0.18,0.49,0.34,107.0,57
Mozambique,2015,39.02,0.66,0.27,0.52,0.43,0.6,0.37,0.6,0.57,0.32,0.27,0.41,0.18,0.49,0.34,22.0,48
Mozambique,2016,38.52,0.66,0.3,0.52,0.43,0.61,0.32,0.59,0.57,0.32,0.26,0.41,0.18,0.49,0.35,97.0,105
Mozambique,2017,38.29,0.66,0.27,0.52,0.43,0.6,0.33,0.59,0.57,0.32,0.26,0.41,0.17,0.49,0.35,87.0,129
Mozambique,2018,38.83,0.66,0.29,0.52,0.43,0.61,0.33,0.59,0.57,0.31,0.27,0.41,0.18,0.49,0.36,106.0,212
Mozambique,2019,38.94,0.66,0.3,0.52,0.43,0.6,0.33,0.58,0.57,0.31,0.27,0.41,0.18,0.49,0.36,304.0,680
Mozambique,2020,38.55,0.66,0.29,0.52,0.43,0.61,0.31,0.58,0.57,0.31,0.26,0.41,0.18,0.49,0.36,548.0,1771
Mozambique,2021,38.5,0.66,0.29,0.52,0.43,0.61,0.31,0.58,0.57,0.31,0.26,0.42,0.18,0.49,0.36,408.0,1829
Myanmar,2010,41.98,0.68,0.76,0.55,0.57,0.55,0.16,0.67,0.51,0.37,0.35,0.28,0.14,0.51,0.42,149.0,268
Myanmar,2011,42.44,0.68,0.76,0.56,0.57,0.55,0.19,0.68,0.51,0.36,0.36,0.29,0.14,0.51,0.42,448.0,1433
Myanmar,2012,43.69,0.67,0.76,0.55,0.57,0.56,0.24,0.66,0.5,0.36,0.38,0.28,0.14,0.51,0.42,495.0,995
Myanmar,2013,34.23,0.67,0.17,0.56,0.57,0.55,0.26,0.68,0.5,0.36,0.19,0.29,0.15,0.51,0.42,519.0,471
Myanmar,2014,35.33,0.67,0.19,0.55,0.57,0.55,0.28,0.69,0.5,0.37,0.22,0.29,0.19,0.51,0.41,435.0,501
Myanmar,2015,36.15,0.66,0.21,0.56,0.57,0.55,0.28,0.67,0.49,0.35,0.23,0.29,0.19,0.51,0.41,822.0,1287
Myanmar,2016,37.81,0.66,0.25,0.56,0.57,0.57,0.34,0.69,0.49,0.36,0.27,0.31,0.2,0.51,0.41,787.0,603
Myanmar,2017,38.3,0.65,0.26,0.56,0.57,0.55,0.33,0.69,0.5,0.33,0.27,0.3,0.22,0.51,0.41,805.0,1407
Myanmar,2018,38.34,0.65,0.27,0.56,0.57,0.55,0.33,0.69,0.5,0.34,0.27,0.3,0.23,0.51,0.4,798.0,261
Myanmar,2019,38.37,0.65,0.26,0.56,0.57,0.54,0.32,0.69,0.5,0.34,0.27,0.3,0.23,0.5,0.4,1265.0,1646
Myanmar,2020,39.13,0.65,0.3,0.56,0.57,0.55,0.31,0.67,0.5,0.33,0.28,0.29,0.25,0.5,0.4,1168.0,692
Myanmar,2021,37.69,0.65,0.3,0.56,0.57,0.56,0.23,0.67,0.5,0.33,0.26,0.3,0.25,0.5,0.4,7512.0,11642
Namibia,2010,43.7,0.7,0.35,0.47,0.42,0.56,0.58,0.57,0.58,0.4,0.36,0.39,0.16,0.49,0.36,3.0,0
Namibia,2011,44.02,0.69,0.35,0.47,0.42,0.55,0.57,0.54,0.56,0.4,0.36,0.38,0.17,0.48,0.36,6.0,1
Namibia,2012,44.71,0.67,0.34,0.47,0.42,0.55,0.59,0.52,0.54,0.4,0.37,0.37,0.17,0.47,0.36,1.0,1
Namibia,2013,44.85,0.68,0.35,0.47,0.42,0.55,0.58,0.52,0.55,0.4,0.37,0.36,0.18,0.47,0.36,12.0,3
Namibia,2014,45.12,0.67,0.38,0.46,0.42,0.54,0.56,0.52,0.55,0.4,0.37,0.36,0.18,0.47,0.36,15.0,5
Namibia,2015,45.25,0.67,0.37,0.46,0.42,0.54,0.57,0.51,0.55,0.39,0.37,0.36,0.19,0.47,0.36,6.0,4
Namibia,2016,45.82,0.67,0.39,0.46,0.42,0.54,0.57,0.52,0.55,0.39,0.39,0.36,0.2,0.47,0.36,8.0,0
Namibia,2017,45.47,0.67,0.38,0.46,0.42,0.54,0.56,0.52,0.55,0.39,0.38,0.36,0.2,0.47,0.36,4.0,2
Namibia,2018,45.94,0.66,0.38,0.46,0.42,0.53,0.57,0.5,0.55,0.39,0.39,0.35,0.21,0.47,0.36,1.0,1
Namibia,2019,45.8,0.66,0.37,0.46,0.42,0.53,0.56,0.51,0.55,0.38,0.38,0.35,0.21,0.47,0.36,3.0,2
Namibia,2020,45.82,0.66,0.37,0.46,0.42,0.53,0.56,0.51,0.55,0.36,0.38,0.35,0.21,0.46,0.36,6.0,0
Namibia,2021,45.8,0.66,0.37,0.46,0.42,0.53,0.56,0.51,0.56,0.36,0.38,0.35,0.21,0.46,0.36,18.0,2
Nepal,2010,40.09,0.71,0.38,0.55,0.48,0.61,0.31,0.74,0.49,0.27,0.31,0.36,0.24,0.51,0.4,166.0,41
Nepal,2011,40.13,0.71,0.36,0.55,0.48,0.61,0.32,0.71,0.49,0.27,0.31,0.35,0.25,0.5,0.4,97.0,14
Nepal,2012,40.48,0.69,0.37,0.55,0.48,0.62,0.32,0.71,0.48,0.26,0.31,0.36,0.25,0.5,0.4,84.0,18
Nepal,2013,41.18,0.69,0.37,0.55,0.48,0.62,0.34,0.7,0.47,0.25,0.32,0.35,0.26,0.5,0.4,228.0,6
Nepal,2014,42.29,0.67,0.41,0.55,0.48,0.62,0.36,0.7,0.46,0.24,0.34,0.36,0.26,0.5,0.4,36.0,6
Nepal,2015,42.33,0.67,0.41,0.55,0.48,0.61,0.35,0.7,0.46,0.24,0.34,0.36,0.26,0.49,0.4,109.0,51
Nepal,2016,43.27,0.66,0.47,0.55,0.48,0.61,0.34,0.68,0.46,0.24,0.36,0.35,0.25,0.49,0.41,46.0,8
Nepal,2017,43.0,0.66,0.44,0.55,0.48,0.61,0.36,0.69,0.46,0.25,0.35,0.36,0.26,0.49,0.41,230.0,19
Nepal,2018,43.33,0.66,0.43,0.55,0.48,0.61,0.38,0.67,0.46,0.25,0.36,0.35,0.26,0.49,0.41,319.0,19
Nepal,2019,43.05,0.67,0.4,0.55,0.48,0.62,0.38,0.65,0.46,0.25,0.35,0.35,0.27,0.49,0.41,507.0,48
Nepal,2020,43.25,0.67,0.39,0.55,0.48,0.63,0.4,0.64,0.46,0.25,0.36,0.35,0.28,0.49,0.42,463.0,37
Nepal,2021,43.54,0.67,0.39,0.55,0.48,0.63,0.41,0.64,0.46,0.25,0.36,0.35,0.28,0.49,0.42,212.0,10
Niger,2010,31.98,0.82,0.14,0.48,0.63,0.78,0.36,0.73,0.61,0.4,0.27,0.47,0.29,0.63,0.76,7.0,21
Niger,2011,32.66,0.81,0.15,0.48,0.63,0.76,0.38,0.72,0.61,0.41,0.28,0.47,0.3,0.62,0.76,7.0,25
Niger,2012,32.24,0.81,0.15,0.48,0.63,0.81,0.35,0.73,0.6,0.35,0.27,0.48,0.3,0.62,0.76,7.0,15
Niger,2013,32.7,0.81,0.17,0.48,0.63,0.8,0.35,0.72,0.61,0.35,0.28,0.48,0.31,0.62,0.77,11.0,33
Niger,2014,32.82,0.82,0.18,0.47,0.63,0.79,0.34,0.73,0.62,0.35,0.28,0.47,0.31,0.62,0.77,11.0,38
Niger,2015,32.46,0.81,0.18,0.47,0.63,0.78,0.35,0.8,0.62,0.35,0.28,0.5,0.31,0.63,0.78,55.0,984
Niger,2016,34.22,0.79,0.25,0.47,0.63,0.77,0.35,0.74,0.61,0.34,0.3,0.48,0.31,0.62,0.78,60.0,367
Niger,2017,34.31,0.8,0.27,0.47,0.63,0.8,0.34,0.74,0.62,0.34,0.31,0.49,0.32,0.62,0.77,41.0,240
Niger,2018,35.24,0.81,0.33,0.47,0.63,0.8,0.35,0.72,0.62,0.34,0.33,0.49,0.32,0.63,0.81,112.0,506
Niger,2019,35.68,0.79,0.34,0.47,0.63,0.77,0.35,0.74,0.62,0.34,0.34,0.5,0.33,0.63,0.82,270.0,729
Niger,2020,35.27,0.8,0.34,0.47,0.63,0.79,0.33,0.74,0.62,0.34,0.34,0.51,0.34,0.63,0.82,432.0,1126
Niger,2021,35.47,0.8,0.34,0.47,0.63,0.8,0.34,0.74,0.62,0.34,0.34,0.51,0.34,0.63,0.82,328.0,1498
Nigeria,2010,45.92,0.71,0.81,0.44,0.45,0.62,0.25,0.58,0.62,0.23,0.41,0.33,0.19,0.5,0.49,329.0,1906
Nigeria,2011,45.62,0.7,0.81,0.44,0.45,0.68,0.26,0.58,0.62,0.22,0.42,0.36,0.19,0.51,0.49,283.0,2472
Nigeria,2012,45.86,0.7,0.81,0.44,0.45,0.65,0.26,0.58,0.63,0.23,0.42,0.35,0.19,0.5,0.49,691.0,2995
Nigeria,2013,46.09,0.69,0.82,0.44,0.45,0.63,0.25,0.61,0.62,0.22,0.42,0.35,0.19,0.5,0.49,739.0,4686
Nigeria,2014,35.28,0.68,0.17,0.43,0.45,0.62,0.24,0.6,0.62,0.22,0.2,0.35,0.2,0.5,0.49,959.0,11346
Nigeria,2015,35.89,0.68,0.17,0.43,0.45,0.61,0.27,0.58,0.62,0.23,0.21,0.34,0.2,0.49,0.49,955.0,11109
Nigeria,2016,36.83,0.69,0.22,0.43,0.45,0.62,0.27,0.58,0.63,0.22,0.23,0.34,0.2,0.49,0.49,792.0,4894
Nigeria,2017,37.01,0.69,0.22,0.43,0.45,0.62,0.27,0.56,0.62,0.22,0.23,0.33,0.21,0.49,0.49,951.0,4941
Nigeria,2018,37.51,0.67,0.23,0.43,0.45,0.59,0.26,0.55,0.62,0.22,0.23,0.32,0.21,0.48,0.49,1399.0,6158
Nigeria,2019,37.66,0.67,0.24,0.43,0.45,0.58,0.27,0.58,0.62,0.22,0.24,0.33,0.22,0.49,0.49,1632.0,5943
Nigeria,2020,38.34,0.67,0.27,0.43,0.45,0.59,0.27,0.56,0.62,0.22,0.25,0.33,0.22,0.49,0.49,2855.0,8488
Nigeria,2021,38.51,0.67,0.27,0.43,0.45,0.59,0.28,0.56,0.62,0.22,0.26,0.33,0.22,0.49,0.49,3528.0,10965
Pakistan,2010,45.3,0.65,0.81,0.56,0.49,0.62,0.26,0.64,0.45,0.25,0.44,0.46,0.26,0.54,0.68,1769.0,8128
Pakistan,2011,45.19,0.64,0.81,0.56,0.49,0.62,0.24,0.66,0.44,0.24,0.44,0.47,0.26,0.53,0.68,1238.0,4535
Pakistan,2012,45.89,0.62,0.81,0.56,0.49,0.6,0.25,0.64,0.43,0.24,0.44,0.46,0.27,0.52,0.68,2134.0,6115
Pakistan,2013,46.3,0.62,0.82,0.56,0.49,0.58,0.26,0.65,0.43,0.24,0.45,0.46,0.27,0.52,0.69,1718.0,4472
Pakistan,2014,37.82,0.61,0.3,0.55,0.49,0.58,0.28,0.66,0.43,0.25,0.28,0.47,0.27,0.52,0.69,1696.0,5415
Pakistan,2015,37.97,0.61,0.29,0.55,0.49,0.57,0.28,0.63,0.43,0.25,0.28,0.46,0.27,0.52,0.69,1531.0,4538
Pakistan,2016,37.74,0.61,0.29,0.56,0.49,0.57,0.27,0.64,0.43,0.26,0.28,0.46,0.27,0.52,0.69,966.0,2211
Pakistan,2017,37.89,0.61,0.28,0.56,0.49,0.56,0.29,0.63,0.44,0.27,0.28,0.46,0.27,0.52,0.69,787.0,1719
Pakistan,2018,37.96,0.61,0.28,0.56,0.49,0.55,0.3,0.64,0.45,0.26,0.28,0.46,0.27,0.52,0.69,978.0,1223
Pakistan,2019,38.09,0.61,0.29,0.56,0.49,0.55,0.29,0.64,0.45,0.25,0.28,0.46,0.28,0.52,0.69,1159.0,1150
Pakistan,2020,39.35,0.61,0.34,0.56,0.49,0.56,0.31,0.63,0.45,0.25,0.31,0.46,0.28,0.52,0.69,627.0,935
Pakistan,2021,39.62,0.61,0.34,0.56,0.49,0.56,0.32,0.63,0.44,0.25,0.31,0.46,0.28,0.52,0.69,956.0,1406
Rwanda,2010,39.17,0.77,0.37,0.57,0.51,0.59,0.48,0.78,0.63,0.32,0.34,0.43,0.17,0.56,0.46,49.0,21
Rwanda,2011,39.7,0.76,0.39,0.57,0.51,0.59,0.49,0.77,0.63,0.32,0.35,0.43,0.18,0.56,0.46,39.0,3
Rwanda,2012,39.99,0.75,0.37,0.57,0.51,0.59,0.51,0.77,0.62,0.3,0.35,0.43,0.18,0.55,0.46,38.0,34
Rwanda,2013,40.27,0.75,0.37,0.57,0.51,0.6,0.52,0.77,0.61,0.31,0.36,0.43,0.18,0.55,0.46,14.0,8
Rwanda,2014,42.06,0.74,0.44,0.57,0.51,0.59,0.55,0.76,0.6,0.3,0.39,0.43,0.18,0.55,0.46,6.0,4
Rwanda,2015,42.24,0.73,0.43,0.57,0.51,0.59,0.55,0.76,0.59,0.29,0.39,0.42,0.18,0.54,0.46,5.0,4
Rwanda,2016,43.21,0.72,0.48,0.57,0.51,0.59,0.54,0.75,0.59,0.28,0.4,0.42,0.18,0.54,0.46,7.0,8
Rwanda,2017,43.57,0.71,0.49,0.57,0.51,0.61,0.55,0.75,0.58,0.27,0.41,0.43,0.18,0.54,0.45,4.0,4
Rwanda,2018,43.98,0.71,0.51,0.57,0.51,0.6,0.55,0.74,0.58,0.26,0.41,0.43,0.18,0.53,0.45,24.0,49
Rwanda,2019,44.07,0.7,0.51,0.57,0.51,0.59,0.54,0.74,0.58,0.25,0.41,0.42,0.18,0.53,0.45,50.0,85
Rwanda,2020,44.87,0.7,0.54,0.57,0.51,0.58,0.54,0.74,0.57,0.23,0.42,0.42,0.19,0.53,0.45,40.0,63
Rwanda,2021,45.11,0.7,0.54,0.57,0.51,0.59,0.56,0.74,0.57,0.23,0.43,0.42,0.19,0.53,0.45,29.0,31
Senegal,2010,38.49,0.66,0.21,0.41,0.51,0.66,0.41,0.66,0.54,0.41,0.29,0.41,0.26,0.52,0.45,14.0,22
Senegal,2011,38.65,0.67,0.19,0.41,0.51,0.66,0.43,0.64,0.55,0.41,0.29,0.4,0.27,0.52,0.45,17.0,45
Senegal,2012,39.21,0.67,0.18,0.4,0.51,0.66,0.46,0.64,0.55,0.41,0.3,0.4,0.27,0.52,0.45,23.0,24
Senegal,2013,39.36,0.67,0.18,0.41,0.51,0.66,0.47,0.63,0.56,0.42,0.31,0.4,0.27,0.52,0.45,18.0,15
Senegal,2014,39.43,0.65,0.18,0.4,0.51,0.63,0.48,0.68,0.56,0.41,0.31,0.43,0.27,0.52,0.46,42.0,11
Senegal,2015,39.59,0.66,0.2,0.4,0.51,0.64,0.48,0.68,0.56,0.43,0.32,0.43,0.28,0.53,0.46,16.0,1
Senegal,2016,40.35,0.65,0.24,0.41,0.51,0.64,0.48,0.67,0.56,0.42,0.33,0.43,0.28,0.53,0.46,18.0,18
Senegal,2017,40.13,0.66,0.23,0.41,0.51,0.66,0.48,0.67,0.56,0.42,0.33,0.43,0.29,0.53,0.46,12.0,1
Senegal,2018,40.75,0.65,0.26,0.41,0.51,0.64,0.48,0.68,0.56,0.42,0.34,0.44,0.29,0.53,0.46,13.0,29
Senegal,2019,41.08,0.65,0.26,0.41,0.51,0.64,0.49,0.67,0.56,0.42,0.35,0.43,0.29,0.52,0.46,4.0,4
Senegal,2020,41.29,0.65,0.27,0.41,0.51,0.65,0.47,0.65,0.56,0.4,0.35,0.42,0.31,0.52,0.46,25.0,3
Senegal,2021,41.51,0.65,0.27,0.41,0.51,0.64,0.46,0.65,0.56,0.4,0.35,0.41,0.32,0.52,0.46,50.0,24
Sierra Leone,2010,33.68,0.81,0.09,0.59,0.48,0.6,0.36,0.69,0.68,0.39,0.24,0.42,0.27,0.57,0.47,4.0,0
Sierra Leone,2011,34.56,0.79,0.12,0.59,0.48,0.59,0.37,0.68,0.66,0.38,0.25,0.42,0.27,0.56,0.46,6.0,2
Sierra Leone,2012,35.51,0.78,0.15,0.59,0.48,0.58,0.36,0.64,0.64,0.37,0.26,0.4,0.27,0.55,0.46,7.0,3
Sierra Leone,2013,35.48,0.78,0.15,0.59,0.48,0.57,0.36,0.7,0.65,0.38,0.27,0.43,0.29,0.56,0.46,6.0,6
Sierra Leone,2014,36.19,0.77,0.19,0.58,0.48,0.56,0.36,0.7,0.65,0.37,0.28,0.42,0.29,0.55,0.46,9.0,2
Sierra Leone,2015,36.27,0.77,0.2,0.58,0.48,0.59,0.36,0.69,0.66,0.37,0.28,0.44,0.29,0.56,0.46,12.0,2
Sierra Leone,2016,36.74,0.77,0.23,0.58,0.48,0.61,0.36,0.69,0.66,0.36,0.3,0.44,0.29,0.56,0.46,9.0,7
Sierra Leone,2017,37.28,0.77,0.25,0.58,0.48,0.62,0.38,0.69,0.66,0.36,0.31,0.45,0.29,0.56,0.46,18.0,5
Sierra Leone,2018,37.26,0.77,0.24,0.58,0.48,0.62,0.39,0.69,0.67,0.35,0.31,0.45,0.3,0.56,0.46,69.0,10
Sierra Leone,2019,37.2,0.78,0.23,0.58,0.48,0.62,0.39,0.68,0.67,0.36,0.31,0.44,0.3,0.56,0.46,68.0,13
Sierra Leone,2020,37.11,0.77,0.22,0.58,0.48,0.63,0.39,0.68,0.67,0.35,0.3,0.44,0.3,0.56,0.46,42.0,31
Sierra Leone,2021,37.03,0.77,0.22,0.58,0.48,0.63,0.38,0.68,0.66,0.35,0.3,0.44,0.3,0.56,0.46,16.0,2
Somalia,2010,36.26,0.85,0.79,0.65,0.53,0.73,0.04,0.86,0.68,,0.41,,,0.69,0.51,1085.0,3655
Somalia,2011,36.39,0.85,0.79,0.65,0.53,0.73,0.04,0.86,0.68,,0.41,,,0.69,0.51,1093.0,2002
Somalia,2012,36.98,0.85,0.79,0.65,0.53,0.73,0.06,0.86,0.68,,0.43,,,0.69,0.51,1819.0,3362
Somalia,2013,37.4,0.85,0.8,0.65,0.53,0.73,0.07,0.86,0.68,,0.43,,,0.69,0.51,2782.0,3171
Somalia,2014,38.49,0.85,0.83,0.65,0.53,0.72,0.08,0.85,0.68,,0.45,,,0.68,0.51,2639.0,4470
Somalia,2015,38.79,0.85,0.83,0.65,0.53,0.72,0.09,0.85,0.68,,0.46,,,0.68,0.51,2088.0,4136
Somalia,2016,33.74,0.85,0.63,0.65,0.53,0.72,0.08,0.85,0.68,,0.36,,,0.68,0.51,2310.0,5938
Somalia,2017,33.93,0.84,0.63,0.65,0.53,0.72,0.09,0.85,0.67,,0.36,,,0.68,0.51,2626.0,6076
Somalia,2018,33.92,0.84,0.63,0.65,0.53,0.72,0.09,0.85,0.67,,0.36,,,0.68,0.51,2901.0,5752
Somalia,2019,33.68,0.84,0.63,0.65,0.53,0.72,0.08,0.84,0.67,,0.35,,,0.68,0.51,2852.0,5029
Somalia,2020,33.84,0.84,0.62,0.65,0.53,0.72,0.09,0.84,0.67,,0.35,,,0.68,0.51,2781.0,3479
Somalia,2021,33.75,0.84,0.62,0.65,0.53,0.72,0.08,0.84,0.67,,0.35,,,0.68,0.51,3045.0,3337
South Africa,2010,47.94,0.57,0.35,0.49,0.43,0.45,0.53,0.48,0.5,0.13,0.35,0.24,0.18,0.39,0.31,43.0,28
South Africa,2011,48.01,0.57,0.34,0.49,0.43,0.45,0.53,0.47,0.5,0.12,0.35,0.24,0.18,0.39,0.31,58.0,44
South Africa,2012,48.16,0.56,0.36,0.49,0.43,0.45,0.51,0.47,0.49,0.12,0.35,0.24,0.19,0.39,0.31,279.0,263
South Africa,2013,48.75,0.57,0.39,0.49,0.43,0.45,0.52,0.47,0.5,0.12,0.37,0.24,0.19,0.39,0.31,191.0,109
South Africa,2014,49.28,0.57,0.41,0.49,0.43,0.44,0.51,0.44,0.52,0.12,0.37,0.23,0.2,0.39,0.32,229.0,154
South Africa,2015,49.02,0.56,0.39,0.48,0.43,0.44,0.5,0.43,0.51,0.12,0.37,0.23,0.2,0.39,0.33,360.0,211
South Africa,2016,49.98,0.55,0.45,0.48,0.43,0.44,0.51,0.44,0.5,0.12,0.38,0.24,0.2,0.38,0.33,208.0,139
South Africa,2017,48.99,0.56,0.41,0.48,0.43,0.44,0.49,0.43,0.51,0.12,0.37,0.23,0.2,0.39,0.33,148.0,117
South Africa,2018,48.65,0.57,0.4,0.48,0.43,0.44,0.47,0.42,0.53,0.12,0.36,0.23,0.21,0.39,0.33,163.0,114
South Africa,2019,48.69,0.57,0.39,0.48,0.43,0.44,0.49,0.42,0.53,0.12,0.36,0.24,0.21,0.39,0.33,215.0,198
South Africa,2020,48.45,0.57,0.38,0.48,0.43,0.44,0.48,0.42,0.53,0.12,0.36,0.24,0.21,0.39,0.34,263.0,181
South Africa,2021,48.32,0.57,0.38,0.49,0.43,0.44,0.48,0.42,0.53,0.12,0.36,0.24,0.21,0.39,0.34,358.0,329
Sri Lanka,2010,42.74,0.66,0.31,0.4,0.5,0.6,0.42,0.48,0.57,0.3,0.33,0.28,0.26,0.47,0.49,139.0,28
Sri Lanka,2011,42.84,0.66,0.31,0.4,0.5,0.62,0.44,0.47,0.55,0.31,0.33,0.28,0.26,0.48,0.49,79.0,24
Sri Lanka,2012,43.03,0.66,0.31,0.4,0.5,0.64,0.45,0.47,0.54,0.32,0.34,0.28,0.26,0.48,0.49,63.0,37
Sri Lanka,2013,43.85,0.66,0.35,0.4,0.5,0.63,0.44,0.47,0.55,0.31,0.35,0.28,0.27,0.48,0.49,114.0,15
Sri Lanka,2014,44.69,0.65,0.39,0.4,0.5,0.62,0.46,0.48,0.55,0.31,0.37,0.29,0.27,0.48,0.49,48.0,6
Sri Lanka,2015,45.82,0.63,0.41,0.4,0.5,0.6,0.49,0.48,0.55,0.3,0.39,0.29,0.27,0.47,0.49,56.0,9
Sri Lanka,2016,45.92,0.63,0.4,0.4,0.5,0.6,0.49,0.47,0.55,0.31,0.39,0.29,0.28,0.47,0.49,14.0,4
Sri Lanka,2017,45.51,0.63,0.41,0.4,0.5,0.61,0.47,0.49,0.55,0.32,0.39,0.31,0.28,0.48,0.49,31.0,2
Sri Lanka,2018,45.82,0.63,0.4,0.4,0.5,0.61,0.47,0.48,0.55,0.31,0.39,0.3,0.3,0.47,0.49,114.0,26
Sri Lanka,2019,46.53,0.62,0.43,0.4,0.5,0.59,0.47,0.47,0.55,0.31,0.4,0.3,0.3,0.47,0.49,203.0,304
Sri Lanka,2020,46.67,0.61,0.42,0.4,0.5,0.6,0.47,0.47,0.55,0.3,0.4,0.3,0.31,0.47,0.49,84.0,34
Sri Lanka,2021,46.56,0.61,0.42,0.4,0.5,0.59,0.45,0.47,0.55,0.3,0.4,0.3,0.32,0.47,0.49,44.0,5
Sudan,2010,31.66,0.76,0.3,0.66,0.54,0.71,0.19,0.71,0.57,0.27,0.24,0.52,0.23,0.61,0.72,257.0,1756
Sudan,2011,31.68,0.76,0.29,0.66,0.54,0.69,0.2,0.74,0.57,0.27,0.24,0.53,0.23,0.61,0.72,278.0,4041
Sudan,2012,31.7,0.75,0.29,0.66,0.54,0.7,0.18,0.71,0.56,0.27,0.24,0.52,0.23,0.6,0.72,571.0,2276
Sudan,2013,32.08,0.76,0.31,0.66,0.54,0.69,0.19,0.71,0.56,0.27,0.24,0.52,0.24,0.6,0.72,848.0,6822
Sudan,2014,32.16,0.76,0.31,0.66,0.54,0.71,0.19,0.69,0.57,0.27,0.25,0.52,0.24,0.6,0.72,1077.0,4165
Sudan,2015,32.37,0.75,0.31,0.67,0.54,0.7,0.19,0.68,0.56,0.27,0.24,0.51,0.24,0.6,0.72,1188.0,3496
Sudan,2016,32.89,0.74,0.36,0.66,0.54,0.74,0.18,0.67,0.55,0.26,0.26,0.53,0.24,0.6,0.72,1190.0,3904
Sudan,2017,33.1,0.74,0.35,0.66,0.54,0.7,0.2,0.7,0.55,0.27,0.26,0.52,0.24,0.6,0.72,594.0,1304
Sudan,2018,33.17,0.74,0.35,0.66,0.54,0.72,0.21,0.7,0.56,0.26,0.27,0.53,0.24,0.6,0.72,502.0,1054
Sudan,2019,32.93,0.74,0.34,0.66,0.54,0.72,0.21,0.72,0.56,0.26,0.26,0.54,0.24,0.61,0.72,460.0,773
Sudan,2020,32.94,0.74,0.33,0.66,0.54,0.72,0.22,0.71,0.56,0.26,0.26,0.54,0.24,0.6,0.72,432.0,959
Sudan,2021,32.85,0.74,0.33,0.66,0.54,0.72,0.21,0.71,0.56,0.26,0.26,0.54,0.24,0.6,0.72,678.0,1657
Tanzania,2010,38.19,0.72,0.24,0.54,0.5,0.62,0.42,0.8,0.6,0.29,0.29,0.37,0.2,0.52,0.3,3.0,21
Tanzania,2011,38.35,0.72,0.25,0.54,0.5,0.63,0.42,0.8,0.59,0.29,0.29,0.37,0.21,0.52,0.3,27.0,36
Tanzania,2012,38.63,0.71,0.26,0.54,0.5,0.62,0.41,0.79,0.58,0.29,0.29,0.37,0.21,0.52,0.3,56.0,57
Tanzania,2013,38.69,0.71,0.26,0.54,0.5,0.61,0.41,0.78,0.59,0.29,0.29,0.37,0.21,0.52,0.31,48.0,42
Tanzania,2014,38.99,0.7,0.28,0.53,0.5,0.61,0.4,0.78,0.59,0.27,0.3,0.37,0.21,0.52,0.31,38.0,29
Tanzania,2015,39.23,0.7,0.27,0.53,0.5,0.6,0.41,0.77,0.58,0.27,0.3,0.36,0.21,0.51,0.31,33.0,32
Tanzania,2016,39.87,0.68,0.29,0.53,0.5,0.61,0.41,0.77,0.57,0.26,0.31,0.36,0.22,0.51,0.32,17.0,43
Tanzania,2017,39.66,0.68,0.29,0.53,0.5,0.61,0.4,0.76,0.57,0.26,0.3,0.36,0.22,0.51,0.32,40.0,266
Tanzania,2018,39.58,0.68,0.28,0.53,0.5,0.6,0.39,0.76,0.57,0.26,0.3,0.36,0.22,0.51,0.32,33.0,37
Tanzania,2019,39.8,0.68,0.28,0.53,0.5,0.59,0.41,0.75,0.57,0.25,0.3,0.35,0.22,0.5,0.33,29.0,37
Tanzania,2020,39.81,0.67,0.27,0.53,0.5,0.6,0.4,0.75,0.57,0.25,0.3,0.35,0.23,0.5,0.33,48.0,50
Tanzania,2021,40.01,0.67,0.27,0.53,0.5,0.59,0.41,0.75,0.57,0.25,0.3,0.35,0.24,0.5,0.33,43.0,42
Thailand,2010,49.39,0.47,0.52,0.48,0.46,0.44,0.41,0.47,0.36,0.39,0.42,0.36,0.32,0.43,0.44,785.0,448
Thailand,2011,49.44,0.48,0.52,0.48,0.46,0.44,0.43,0.47,0.36,0.39,0.42,0.36,0.32,0.43,0.44,715.0,400
Thailand,2012,49.75,0.48,0.54,0.48,0.46,0.44,0.43,0.46,0.37,0.4,0.43,0.36,0.32,0.43,0.44,587.0,352
Thailand,2013,50.13,0.49,0.56,0.48,0.46,0.47,0.42,0.46,0.36,0.4,0.44,0.36,0.33,0.44,0.44,690.0,432
Thailand,2014,51.06,0.48,0.6,0.48,0.46,0.45,0.43,0.46,0.36,0.4,0.45,0.36,0.32,0.43,0.44,752.0,416
Thailand,2015,50.93,0.48,0.6,0.48,0.46,0.45,0.43,0.46,0.37,0.41,0.45,0.37,0.33,0.43,0.44,466.0,246
Thailand,2016,50.57,0.48,0.56,0.48,0.46,0.45,0.44,0.45,0.37,0.4,0.44,0.37,0.33,0.43,0.44,543.0,253
Thailand,2017,50.71,0.48,0.56,0.48,0.46,0.45,0.45,0.45,0.38,0.41,0.45,0.37,0.33,0.43,0.44,316.0,162
Thailand,2018,51.14,0.48,0.6,0.48,0.46,0.45,0.44,0.45,0.38,0.42,0.46,0.37,0.33,0.44,0.44,248.0,117
Thailand,2019,51.64,0.48,0.61,0.48,0.46,0.46,0.46,0.44,0.38,0.41,0.47,0.37,0.34,0.44,0.44,287.0,174
Thailand,2020,52.09,0.49,0.64,0.48,0.46,0.47,0.46,0.44,0.38,0.41,0.48,0.37,0.34,0.44,0.44,132.0,101
Thailand,2021,52.28,0.49,0.64,0.48,0.46,0.46,0.46,0.44,0.39,0.41,0.48,0.37,0.35,0.44,0.44,170.0,66
Togo,2010,37.44,0.8,0.2,0.51,0.41,0.6,0.35,0.54,0.64,0.34,0.26,0.32,0.23,0.51,0.42,1.0,0
Togo,2011,37.5,0.79,0.21,0.51,0.41,0.6,0.34,0.55,0.63,0.32,0.26,0.32,0.22,0.51,0.42,1.0,1
Togo,2012,37.49,0.78,0.2,0.51,0.41,0.6,0.34,0.56,0.62,0.32,0.26,0.33,0.23,0.51,0.42,2.0,0
Togo,2013,37.48,0.79,0.22,0.51,0.41,0.6,0.33,0.6,0.63,0.31,0.26,0.34,0.23,0.51,0.42,7.0,8
Togo,2014,38.48,0.78,0.25,0.51,0.41,0.61,0.36,0.58,0.64,0.3,0.28,0.34,0.23,0.51,0.42,2.0,0
Togo,2015,39.2,0.78,0.27,0.51,0.41,0.61,0.37,0.58,0.63,0.3,0.29,0.33,0.24,0.51,0.42,2.0,8
Togo,2016,40.27,0.78,0.31,0.51,0.41,0.6,0.38,0.58,0.63,0.3,0.31,0.33,0.24,0.51,0.42,4.0,5
Togo,2017,39.96,0.77,0.33,0.51,0.41,0.61,0.35,0.58,0.63,0.3,0.31,0.34,0.24,0.51,0.42,14.0,44
Togo,2018,40.5,0.77,0.32,0.51,0.41,0.61,0.36,0.54,0.63,0.3,0.31,0.32,0.25,0.5,0.42,3.0,6
Togo,2019,41.28,0.77,0.36,0.51,0.41,0.61,0.36,0.53,0.63,0.29,0.32,0.32,0.25,0.5,0.42,14.0,9
Togo,2020,42.57,0.77,0.43,0.51,0.41,0.61,0.36,0.54,0.63,0.29,0.35,0.32,0.26,0.5,0.42,34.0,15
Togo,2021,42.94,0.77,0.43,0.51,0.41,0.6,0.37,0.54,0.63,0.29,0.36,0.31,0.27,0.5,0.42,12.0,4
Tunisia,2010,53.03,0.48,0.5,0.37,0.33,0.4,0.49,0.37,0.4,0.32,0.43,0.29,0.29,0.37,0.34,12.0,2
Tunisia,2011,53.07,0.47,0.53,0.37,0.33,0.4,0.46,0.37,0.4,0.33,0.43,0.3,0.3,0.37,0.35,133.0,221
Tunisia,2012,52.85,0.47,0.52,0.37,0.33,0.39,0.45,0.36,0.39,0.33,0.42,0.3,0.3,0.37,0.35,53.0,14
Tunisia,2013,52.56,0.47,0.53,0.37,0.33,0.4,0.44,0.36,0.41,0.34,0.42,0.31,0.29,0.37,0.35,96.0,75
Tunisia,2014,53.18,0.47,0.57,0.36,0.33,0.4,0.44,0.35,0.42,0.35,0.44,0.32,0.3,0.37,0.35,123.0,104
Tunisia,2015,52.82,0.47,0.55,0.37,0.33,0.4,0.44,0.35,0.42,0.37,0.43,0.33,0.3,0.38,0.36,82.0,161
Tunisia,2016,52.2,0.46,0.53,0.37,0.33,0.39,0.43,0.35,0.42,0.37,0.42,0.33,0.31,0.38,0.36,107.0,120
Tunisia,2017,52.25,0.47,0.52,0.37,0.33,0.39,0.44,0.34,0.43,0.38,0.42,0.33,0.31,0.38,0.35,100.0,27
Tunisia,2018,52.06,0.47,0.51,0.37,0.33,0.39,0.44,0.34,0.44,0.38,0.42,0.34,0.31,0.38,0.36,65.0,34
Tunisia,2019,52.47,0.47,0.53,0.37,0.33,0.39,0.45,0.34,0.44,0.39,0.43,0.34,0.32,0.38,0.36,63.0,30
Tunisia,2020,53.03,0.47,0.53,0.37,0.33,0.39,0.47,0.34,0.44,0.38,0.44,0.35,0.32,0.38,0.36,43.0,15
Tunisia,2021,52.77,0.47,0.53,0.36,0.33,0.39,0.44,0.34,0.44,0.38,0.44,0.35,0.33,0.38,0.36,42.0,19
Uganda,2010,33.8,0.72,0.24,0.52,0.52,0.65,0.38,0.8,0.56,,0.27,0.46,0.18,0.59,0.42,87.0,289
Uganda,2011,34.12,0.71,0.25,0.52,0.52,0.66,0.38,0.8,0.56,,0.27,0.46,0.18,0.59,0.42,62.0,29
Uganda,2012,33.69,0.71,0.23,0.52,0.52,0.65,0.38,0.79,0.55,,0.26,0.45,0.18,0.59,0.42,35.0,20
Uganda,2013,33.62,0.71,0.22,0.52,0.52,0.64,0.37,0.79,0.55,,0.26,0.45,0.18,0.59,0.42,33.0,34
Uganda,2014,33.94,0.7,0.24,0.51,0.52,0.65,0.37,0.79,0.55,,0.26,0.45,0.18,0.58,0.43,66.0,195
Uganda,2015,34.23,0.7,0.24,0.51,0.52,0.64,0.37,0.78,0.55,,0.27,0.45,0.18,0.58,0.43,85.0,29
Uganda,2016,35.63,0.69,0.31,0.51,0.52,0.64,0.38,0.78,0.54,,0.29,0.46,0.18,0.58,0.43,102.0,278
Uganda,2017,35.78,0.69,0.32,0.51,0.52,0.64,0.39,0.78,0.55,,0.3,0.46,0.18,0.58,0.43,107.0,66
Uganda,2018,35.56,0.69,0.31,0.51,0.52,0.63,0.38,0.78,0.56,,0.29,0.45,0.18,0.58,0.43,206.0,146
Uganda,2019,35.25,0.69,0.3,0.51,0.52,0.63,0.37,0.77,0.56,,0.29,0.45,0.18,0.58,0.43,220.0,162
Uganda,2020,35.08,0.69,0.3,0.51,0.52,0.63,0.37,0.77,0.56,,0.28,0.45,0.18,0.58,0.43,444.0,297
Uganda,2021,35.12,0.69,0.3,0.51,0.52,0.63,0.37,0.77,0.56,,0.28,0.45,0.19,0.58,0.43,610.0,500
Vietnam,2010,43.75,0.58,0.37,0.56,0.49,0.5,0.41,0.39,0.44,0.46,0.35,0.37,0.26,0.47,0.49,22.0,12
Vietnam,2011,44.11,0.58,0.38,0.56,0.49,0.51,0.42,0.39,0.44,0.46,0.35,0.37,0.26,0.47,0.48,11.0,66
Vietnam,2012,44.21,0.58,0.37,0.56,0.49,0.51,0.42,0.38,0.43,0.46,0.35,0.37,0.27,0.47,0.48,15.0,3
Vietnam,2013,44.81,0.57,0.39,0.56,0.49,0.51,0.43,0.38,0.43,0.46,0.36,0.36,0.27,0.47,0.48,14.0,4
Vietnam,2014,45.33,0.57,0.4,0.55,0.49,0.51,0.43,0.38,0.42,0.46,0.37,0.37,0.29,0.47,0.48,17.0,29
Vietnam,2015,45.55,0.57,0.41,0.55,0.49,0.51,0.44,0.37,0.43,0.47,0.38,0.37,0.29,0.47,0.48,35.0,3
Vietnam,2016,46.45,0.57,0.44,0.55,0.49,0.51,0.47,0.36,0.44,0.49,0.4,0.37,0.29,0.47,0.48,19.0,2
Vietnam,2017,46.69,0.57,0.45,0.55,0.49,0.5,0.46,0.35,0.43,0.49,0.4,0.37,0.3,0.47,0.48,21.0,3
Vietnam,2018,46.89,0.56,0.45,0.55,0.49,0.5,0.46,0.35,0.43,0.5,0.41,0.38,0.31,0.47,0.48,11.0,3
Vietnam,2019,47.1,0.56,0.48,0.55,0.49,0.49,0.45,0.35,0.43,0.53,0.41,0.39,0.31,0.47,0.48,23.0,1
Vietnam,2020,47.47,0.56,0.49,0.55,0.49,0.49,0.46,0.35,0.43,0.54,0.42,0.4,0.32,0.47,0.48,7.0,4
Vietnam,2021,47.53,0.56,0.49,0.56,0.49,0.49,0.45,0.35,0.43,0.54,0.43,0.4,0.33,0.48,0.48,3.0,0
Zambia,2010,40.41,0.61,0.33,0.44,0.55,0.58,0.44,0.78,0.61,0.37,0.3,0.36,0.13,0.5,0.19,9.0,0
Zambia,2011,40.9,0.6,0.34,0.44,0.55,0.58,0.45,0.78,0.61,0.36,0.31,0.36,0.14,0.49,0.19,17.0,22
Zambia,2012,41.26,0.6,0.34,0.44,0.55,0.58,0.47,0.78,0.6,0.36,0.32,0.36,0.14,0.49,0.19,22.0,12
Zambia,2013,41.39,0.6,0.35,0.44,0.55,0.58,0.47,0.78,0.6,0.36,0.32,0.36,0.14,0.49,0.19,40.0,13
Zambia,2014,42.07,0.59,0.4,0.43,0.55,0.58,0.45,0.77,0.59,0.36,0.33,0.36,0.14,0.49,0.19,45.0,7
Zambia,2015,41.56,0.58,0.36,0.43,0.55,0.58,0.45,0.77,0.59,0.36,0.32,0.36,0.14,0.49,0.19,47.0,8
Zambia,2016,42.41,0.58,0.41,0.43,0.55,0.57,0.44,0.77,0.59,0.36,0.33,0.36,0.15,0.49,0.19,52.0,6
Zambia,2017,42.52,0.57,0.42,0.43,0.55,0.57,0.44,0.77,0.59,0.34,0.33,0.36,0.15,0.48,0.19,14.0,2
Zambia,2018,42.64,0.57,0.43,0.43,0.55,0.56,0.43,0.77,0.59,0.34,0.33,0.36,0.15,0.48,0.19,29.0,17
Zambia,2019,42.23,0.57,0.42,0.43,0.55,0.57,0.41,0.76,0.59,0.34,0.33,0.36,0.15,0.48,0.19,22.0,11
Zambia,2020,41.94,0.56,0.41,0.43,0.55,0.57,0.39,0.76,0.59,0.33,0.32,0.36,0.15,0.48,0.19,80.0,40
Zambia,2021,42.19,0.56,0.41,0.44,0.55,0.57,0.4,0.76,0.59,0.33,0.32,0.36,0.15,0.48,0.19,75.0,16
Zimbabwe,2010,32.46,0.64,0.19,0.52,0.52,0.57,0.19,0.72,0.57,0.33,0.16,0.42,0.11,0.51,0.37,127.0,9
Zimbabwe,2011,32.81,0.64,0.18,0.52,0.52,0.57,0.2,0.66,0.57,0.34,0.16,0.39,0.11,0.5,0.37,196.0,11
Zimbabwe,2012,33.58,0.64,0.18,0.52,0.52,0.58,0.22,0.64,0.57,0.33,0.17,0.39,0.11,0.5,0.37,126.0,14
Zimbabwe,2013,33.58,0.64,0.19,0.52,0.52,0.57,0.22,0.67,0.57,0.34,0.18,0.4,0.12,0.5,0.37,65.0,8
Zimbabwe,2014,33.79,0.64,0.2,0.51,0.52,0.57,0.23,0.67,0.56,0.35,0.18,0.4,0.12,0.51,0.37,97.0,7
Zimbabwe,2015,34.15,0.64,0.2,0.51,0.52,0.57,0.25,0.69,0.56,0.35,0.19,0.41,0.13,0.51,0.37,153.0,19
Zimbabwe,2016,34.84,0.64,0.25,0.52,0.52,0.58,0.25,0.71,0.56,0.33,0.21,0.42,0.13,0.51,0.37,105.0,7
Zimbabwe,2017,35.01,0.64,0.25,0.52,0.52,0.57,0.25,0.71,0.57,0.33,0.21,0.42,0.13,0.51,0.37,208.0,9
Zimbabwe,2018,35.24,0.64,0.25,0.52,0.52,0.56,0.26,0.71,0.58,0.33,0.22,0.42,0.13,0.51,0.37,238.0,27
Zimbabwe,2019,35.17,0.64,0.25,0.52,0.52,0.55,0.25,0.71,0.57,0.32,0.21,0.41,0.13,0.51,0.37,96.0,42
Zimbabwe,2020,35.24,0.63,0.26,0.52,0.52,0.58,0.25,0.71,0.57,0.3,0.21,0.42,0.13,0.51,0.37,92.0,21
Zimbabwe,2021,35.58,0.63,0.26,0.52,0.52,0.56,0.26,0.71,0.57,0.3,0.22,0.41,0.14,0.51,0.37,84.0,22
